Date,0
2015-01-05,0.9969399559620672
2015-01-06,0.9970938276267248
2015-01-07,1.0033655785708235
2015-01-08,1.0072933762992655
2015-01-09,1.0076860278345465
2015-01-12,1.0064644822033386
2015-01-13,1.0079618165246667
2015-01-14,1.0103551997320737
2015-01-15,1.0166563384937823
2015-01-16,1.0232473229510657
2015-01-20,1.025336907511746
2015-01-21,1.0285463982569274
2015-01-22,1.0348880791521373
2015-01-23,1.032864665566688
2015-01-26,1.035100474900888
2015-01-27,1.037229495410283
2015-01-28,1.032951434239806
2015-01-29,1.0318068632142279
2015-01-30,1.030520898567484
2015-02-02,1.0357815604691691
2015-02-03,1.0390502938635993
2015-02-04,1.0354408942983506
2015-02-05,1.0405428634720422
2015-02-06,1.025140771517755
2015-02-09,1.0239908476602813
2015-02-10,1.0231655779269382
2015-02-11,1.01954865053305
2015-02-12,1.0289268376529628
2015-02-13,1.0320718544953127
2015-02-17,1.0268766789616826
2015-02-18,1.0313308994274244
2015-02-19,1.0273966324781634
2015-02-20,1.0310407695745993
2015-02-23,1.030796450994475
2015-02-24,1.0337894339534233
2015-02-25,1.0363064575105585
2015-02-26,1.0324511405641885
2015-02-27,1.0360446694914105
2015-03-02,1.0311429091839246
2015-03-03,1.0283705534429843
2015-03-04,1.022840044266274
2015-03-05,1.0234842034900966
2015-03-06,1.0057848392849233
2015-03-09,1.0073599040569514
2015-03-10,0.9996693788928176
2015-03-11,1.0036520270568885
2015-03-12,1.0099671117834623
2015-03-13,1.0045428641397574
2015-03-16,1.0102989013898038
2015-03-17,1.010889995630574
2015-03-18,1.031131772347867
2015-03-19,1.0220996803074145
2015-03-20,1.0357695790768378
2015-03-23,1.0396469400973583
2015-03-24,1.0393252102537034
2015-03-25,1.032819724688045
2015-03-26,1.028602024734015
2015-03-27,1.028890422339564
2015-03-30,1.0327045458378423
2015-03-31,1.0259865949240858
2015-04-01,1.0354479922663644
2015-04-02,1.03788177444794
2015-04-06,1.0462165265407883
2015-04-07,1.0457768144590727
2015-04-08,1.046133650210665
2015-04-09,1.0419806354979522
2015-04-10,1.0452665461583908
2015-04-13,1.0414559512196566
2015-04-14,1.0451860905053538
2015-04-15,1.04987778333785
2015-04-16,1.0522280226480463
2015-04-17,1.0485013954105862
2015-04-20,1.045839200489849
2015-04-21,1.0493621796136972
2015-04-22,1.0482300088348406
2015-04-23,1.053158663232389
2015-04-24,1.0544323285143893
2015-04-27,1.0575550064447357
2015-04-28,1.0569796630171004
2015-04-29,1.047725685909542
2015-04-30,1.038103943039034
2015-05-01,1.0394796398217854
2015-05-04,1.040425375999515
2015-05-05,1.032754372882512
2015-05-06,1.0281177931766712
2015-05-07,1.0287864000451015
2015-05-08,1.0406586338632444
2015-05-11,1.028593849590191
2015-05-12,1.0312084544145756
2015-05-13,1.0332886437329614
2015-05-14,1.0414487695647754
2015-05-15,1.048652455195743
2015-05-18,1.044102529058915
2015-05-19,1.0370697817929622
2015-05-20,1.0373235593436745
2015-05-21,1.0410784635956394
2015-05-22,1.0385747601146063
2015-05-26,1.0300839161414865
2015-05-27,1.0322694841958786
2015-05-28,1.029839271611945
2015-05-29,1.0265500115037558
2015-06-01,1.0257897785909678
2015-06-02,1.0247662610800246
2015-06-03,1.0180259975873234
2015-06-04,1.0137945818301886
2015-06-05,1.0072975857260245
2015-06-08,1.0064176110821448
2015-06-09,1.0032979281998091
2015-06-10,1.0107363103410751
2015-06-11,1.0139728280415816
2015-06-12,1.0106488930564095
2015-06-15,1.0084276714735514
2015-06-16,1.0103074157448872
2015-06-17,1.0107091257547878
2015-06-18,1.015635901888844
2015-06-19,1.0142372220405933
2015-06-22,1.0138787752563168
2015-06-23,1.0154862056071927
2015-06-24,1.0119865722405923
2015-06-25,1.0097911780088078
2015-06-26,1.0086912347427537
2015-06-29,1.0012200861717302
2015-06-30,1.0040171137835354
2015-07-01,1.0036776266426612
2015-07-02,1.0053188699518973
2015-07-06,0.9980590588316233
2015-07-07,0.997835591246204
2015-07-08,0.9853767342466255
2015-07-09,0.9892129706196707
2015-07-10,0.9972925645285331
2015-07-13,0.9992952791696496
2015-07-14,1.0013094026784775
2015-07-15,0.9989116460174485
2015-07-16,1.002930883660651
2015-07-17,1.001348859551489
2015-07-20,0.9946969267328226
2015-07-21,0.9947245415375431
2015-07-22,0.9904255326361907
2015-07-23,0.9876125978350234
2015-07-24,0.9843235723861853
2015-07-27,0.9782030909608512
2015-07-28,0.9817316458985613
2015-07-29,0.984562965962893
2015-07-30,0.9827963840940885
2015-07-31,0.9869395947374635
2015-08-03,0.9833535609829019
2015-08-04,0.9821322133612834
2015-08-05,0.9805263895026815
2015-08-06,0.9806727541521892
2015-08-07,0.9831024487439862
2015-08-10,0.9899019383444578
2015-08-11,0.9853141194090623
2015-08-12,0.9826600960468559
2015-08-13,0.9810920593787763
2015-08-14,0.981932566767001
2015-08-17,0.9824903137824775
2015-08-18,0.9774764194767317
2015-08-19,0.9747889225291906
2015-08-20,0.9690221150090497
2015-08-21,0.954647661763239
2015-08-24,0.9304944186145383
2015-08-25,0.9272482912299871
2015-08-26,0.9371275704695571
2015-08-27,0.952051163526229
2015-08-28,0.9551060536683685
2015-08-31,0.9511165319800206
2015-09-01,0.932596367905655
2015-09-02,0.9386232339339896
2015-09-03,0.9415650150320236
2015-09-04,0.9286086599807502
2015-09-08,0.9387933217212542
2015-09-09,0.9338814412428705
2015-09-10,0.9359126616553106
2015-09-11,0.9390664046948924
2015-09-14,0.9367364332103882
2015-09-15,0.9377206935633979
2015-09-16,0.9475642755516736
2015-09-17,0.9517132958862591
2015-09-18,0.9430617178569368
2015-09-21,0.9431048977473946
2015-09-22,0.935381072622688
2015-09-23,0.9332287684911915
2015-09-24,0.9346378521405432
2015-09-25,0.9374219599022512
2015-09-28,0.9268543450546496
2015-09-29,0.9281281610404416
2015-09-30,0.9362000361225866
2015-10-01,0.9378588251143168
2015-10-02,0.9495307279763263
2015-10-05,0.9585203465011293
2015-10-06,0.9613205163594088
2015-10-07,0.9685840196895609
2015-10-08,0.9709785271417098
2015-10-09,0.9742907074500088
2015-10-12,0.9743985985632411
2015-10-13,0.9684058718253145
2015-10-14,0.9711325263193563
2015-10-15,0.9792531610327407
2015-10-16,0.9803775291730571
2015-10-19,0.9766031405848804
2015-10-20,0.9751926309767449
2015-10-21,0.9741441789022134
2015-10-22,0.9815788919357485
2015-10-23,0.9810514885555782
2015-10-26,0.9797175801500968
2015-10-27,0.9765107956890344
2015-10-28,0.9771943080850628
2015-10-29,0.9686800729992374
2015-10-30,0.96866591960677
2015-11-02,0.9730337389190121
2015-11-03,0.9725503736327052
2015-11-04,0.9667246813543896
2015-11-05,0.9664658568130773
2015-11-06,0.9553571298756627
2015-11-09,0.9471373735203973
2015-11-10,0.9495430617708354
2015-11-11,0.9489881780038748
2015-11-12,0.9432016444986564
2015-11-13,0.9385819589253468
2015-11-16,0.945617753465347
2015-11-17,0.94284608631276
2015-11-18,0.9473706775624248
2015-11-19,0.9516789493792331
2015-11-20,0.9533994235110127
2015-11-23,0.9517410320408337
2015-11-24,0.9548600188038766
2015-11-25,0.9535167459653826
2015-11-27,0.947995506862814
2015-11-30,0.946734711800821
2015-12-01,0.9563557108260511
2015-12-02,0.9458397432417956
2015-12-03,0.9396606228136848
2015-12-04,0.9479106310242986
2015-12-07,0.9409590252817855
2015-12-08,0.9356117931650052
2015-12-09,0.9322071142787565
2015-12-10,0.9305694653189093
2015-12-11,0.9245480817199707
2015-12-14,0.9236598553602974
2015-12-15,0.9253202145046475
2015-12-16,0.9352661503031507
2015-12-17,0.9287810004396182
2015-12-18,0.9270855551847209
2015-12-21,0.9302388454458433
2015-12-22,0.9311822828451463
2015-12-23,0.9382078339110511
2015-12-24,0.9379954432357825
2015-12-28,0.9354290106609857
2015-12-29,0.9388332693206373
2015-12-30,0.9332345266487411
2015-12-31,0.9309944441084598
2016-01-04,0.9241628294579036
2016-01-05,0.926721287293008
2016-01-06,0.9219444506434347
2016-01-07,0.913314811120537
2016-01-08,0.9064266319137856
2016-01-11,0.9020925798047456
2016-01-12,0.9021918016208331
2016-01-13,0.8979438177941951
2016-01-14,0.8986132517427056
2016-01-15,0.8862108686352238
2016-01-19,0.8883049657923252
2016-01-20,0.8780092585476003
2016-01-21,0.8797612083849297
2016-01-22,0.8968474389048277
2016-01-25,0.8894022354483567
2016-01-26,0.9006060626651383
2016-01-27,0.8984945177029661
2016-01-28,0.9003822058063892
2016-01-29,0.9142031106439374
2016-02-01,0.9105998541923589
2016-02-02,0.9026516272122089
2016-02-03,0.908753992563014
2016-02-04,0.9113056876126653
2016-02-05,0.9054329435324755
2016-02-08,0.9022587258020334
2016-02-09,0.8918514374307541
2016-02-10,0.8928895938021701
2016-02-11,0.8928467854497383
2016-02-12,0.8971286987083995
2016-02-16,0.9015059711377924
2016-02-17,0.9100430283305146
2016-02-18,0.9145122084702089
2016-02-19,0.9122738173694658
2016-02-22,0.9192570309247814
2016-02-23,0.9134617117276369
2016-02-24,0.9158598331194385
2016-02-25,0.9223319552239968
2016-02-26,0.9180716276538106
2016-02-29,0.9195661545684342
2016-03-01,0.9291985800071467
2016-03-02,0.9365089333139558
2016-03-03,0.9440707834228937
2016-03-04,0.9500959596937395
2016-03-07,0.9516493779592738
2016-03-08,0.9456392703852468
2016-03-09,0.9473886439612393
2016-03-10,0.9477561222563131
2016-03-11,0.9566255375976794
2016-03-14,0.9543133130989782
2016-03-15,0.948741756437715
2016-03-16,0.9596564814933545
2016-03-17,0.9670047150883425
2016-03-18,0.9667791850507006
2016-03-21,0.9648965673256286
2016-03-22,0.965951666811822
2016-03-23,0.9571493368755831
2016-03-24,0.9544969350970431
2016-03-28,0.9592614906526052
2016-03-29,0.9693663941664342
2016-03-30,0.967410907806501
2016-03-31,0.9666471681721969
2016-04-01,0.9603434275351695
2016-04-04,0.955876179648076
2016-04-05,0.9509230955838349
2016-04-06,0.9561637021260413
2016-04-07,0.9536507533901138
2016-04-08,0.9636391174424117
2016-04-11,0.9666938063504503
2016-04-12,0.975299927240426
2016-04-13,0.9824305674094572
2016-04-14,0.9783874357714732
2016-04-15,0.9790484562315765
2016-04-18,0.9820396853003072
2016-04-19,0.9922569866041844
2016-04-20,0.9901254115767111
2016-04-21,0.9849564945671377
2016-04-22,0.9843494026855527
2016-04-25,0.9825113513053091
2016-04-26,0.9858237804286697
2016-04-27,0.9900589070759432
2016-04-28,0.9847912417259169
2016-04-29,0.9859391532180226
2016-05-02,0.9872832165291472
2016-05-03,0.9803117310393649
2016-05-04,0.9775465206447463
2016-05-05,0.9781369100258152
2016-05-06,0.9817745507465304
2016-05-09,0.9757056274866194
2016-05-10,0.9864394950856187
2016-05-11,0.9850349938400745
2016-05-12,0.9847532523942548
2016-05-13,0.9801565609811641
2016-05-16,0.9858767668793789
2016-05-17,0.9829979299702613
2016-05-18,0.974207800205235
2016-05-19,0.9699352499457666
2016-05-20,0.9747014731156742
2016-05-23,0.9727819476438286
2016-05-24,0.9752744264232508
2016-05-25,0.9795351871768949
2016-05-26,0.9812141197537089
2016-05-27,0.9805703433091361
2016-05-31,0.9816131837267948
2016-06-01,0.9831369440117147
2016-06-02,0.9848221224683882
2016-06-03,0.9956377656297714
2016-06-06,0.9981229769798947
2016-06-07,1.0034782900735089
2016-06-08,1.0114852993018753
2016-06-09,1.0087058934480213
2016-06-10,0.998884884662293
2016-06-13,0.9945379376327196
2016-06-14,0.9904811312749555
2016-06-15,0.9960012951208534
2016-06-16,0.9932201947295201
2016-06-17,0.9978398598030049
2016-06-20,1.004387231526422
2016-06-21,1.003526657862523
2016-06-22,1.0019002437217197
2016-06-23,1.0102314640666699
2016-06-24,0.9930163231329928
2016-06-27,0.992715666566846
2016-06-28,1.0055026035646741
2016-06-29,1.0151336437851404
2016-06-30,1.0189674398608903
2016-07-01,1.0259406945246983
2016-07-05,1.0216402150319215
2016-07-06,1.02280770062695
2016-07-07,1.016340416954065
2016-07-08,1.0274922545751302
2016-07-11,1.0310139809525989
2016-07-12,1.0329242970121564
2016-07-13,1.0346603610548892
2016-07-14,1.0339117726538691
2016-07-15,1.0299675428696022
2016-07-18,1.031517974921638
2016-07-19,1.029460532836254
2016-07-20,1.0286767033236484
2016-07-21,1.0289340427714533
2016-07-22,1.0301091792686534
2016-07-25,1.0256813512661613
2016-07-26,1.0266131302271935
2016-07-27,1.0294764153657687
2016-07-28,1.0294975981834318
2016-07-29,1.039501392972092
2016-08-01,1.034773207567269
2016-08-02,1.028531510388701
2016-08-03,1.0290611268672165
2016-08-04,1.033996124184598
2016-08-05,1.0327244550904413
2016-08-08,1.0356640906655443
2016-08-09,1.0416307921596015
2016-08-10,1.0419933986589387
2016-08-11,1.0434331649422302
2016-08-12,1.0448888962396334
2016-08-15,1.0484324379667305
2016-08-16,1.0458081832828312
2016-08-17,1.0486147822743241
2016-08-18,1.052012942907656
2016-08-19,1.0463955475076614
2016-08-22,1.0464341862618702
2016-08-23,1.0473043041181724
2016-08-24,1.0431886436888098
2016-08-25,1.0424782339544936
2016-08-26,1.036482373772118
2016-08-29,1.0418176981821643
2016-08-30,1.0378576283946903
2016-08-31,1.033873700104411
2016-09-01,1.0354913462263635
2016-09-02,1.0422834756546009
2016-09-06,1.0519762516723643
2016-09-07,1.0536687602178876
2016-09-08,1.0498979606815513
2016-09-09,1.0293967700993965
2016-09-12,1.0339287643714614
2016-09-13,1.0178680910172708
2016-09-14,1.0175594126664087
2016-09-15,1.021118262433502
2016-09-16,1.0187264139319347
2016-09-19,1.021920432053517
2016-09-20,1.0252747736196175
2016-09-21,1.0412199937388278
2016-09-22,1.0495970411373288
2016-09-23,1.0434977261936547
2016-09-26,1.0417283286344754
2016-09-27,1.0428427207015747
2016-09-28,1.0485306115209354
2016-09-29,1.0429447339357971
2016-09-30,1.0422377692149127
2016-10-03,1.0399749530010527
2016-10-04,1.028695117840439
2016-10-05,1.0293427275396037
2016-10-06,1.026428436103365
2016-10-07,1.0250806766427871
2016-10-10,1.0287959697580176
2016-10-11,1.0200098259967265
2016-10-12,1.0205212954351959
2016-10-13,1.022117003953721
2016-10-14,1.0189655835037525
2016-10-17,1.0206322101536083
2016-10-18,1.027525956237671
2016-10-19,1.0311875056952993
2016-10-20,1.0303819289802743
2016-10-21,1.0305271055257166
2016-10-24,1.0303569246283306
2016-10-25,1.0306456141497922
2016-10-26,1.0241859775074
2016-10-27,1.018874727749453
2016-10-28,1.017926953665823
2016-10-31,1.020573767232948
2016-11-01,1.017228264827205
2016-11-02,1.012278326322271
2016-11-03,1.010240612978984
2016-11-04,1.0080624014170472
2016-11-07,1.0141161056040715
2016-11-08,1.014040113101822
2016-11-09,1.0005875250972087
2016-11-10,0.9896295926065223
2016-11-11,0.9808784916083456
2016-11-14,0.9800897712738063
2016-11-15,0.9870336102424792
2016-11-16,0.9833343454797885
2016-11-17,0.9817769513928554
2016-11-18,0.9777876365199105
2016-11-21,0.9849180663227093
2016-11-22,0.9891378993621142
2016-11-23,0.9840408330066306
2016-11-25,0.9831992655261126
2016-11-28,0.9881566913500519
2016-11-29,0.9878348250889264
2016-11-30,0.9858090490262937
2016-12-01,0.9812490205831139
2016-12-02,0.9860232543986677
2016-12-05,0.9886592951507023
2016-12-06,0.9905860077670928
2016-12-07,0.9993758226579266
2016-12-08,1.0002940128797273
2016-12-09,0.9975949530290615
2016-12-12,0.997152036041738
2016-12-13,1.0017479908615965
2016-12-14,0.9860614400415961
2016-12-15,0.9845356193988857
2016-12-16,0.9855511106611116
2016-12-19,0.9888070109575756
2016-12-20,0.9886386896732207
2016-12-21,0.9859944877990604
2016-12-22,0.9834219700025721
2016-12-23,0.9858983024531144
2016-12-27,0.9878005489571716
2016-12-28,0.9891826159795091
2016-12-29,0.9944815296292464
2016-12-30,0.9954177330873505
2017-01-03,0.9990768542835559
2017-01-04,1.008325513101315
2017-01-05,1.017082293034806
2017-01-06,1.0129268801187539
2017-01-09,1.0117565982317986
2017-01-10,1.0108340579034072
2017-01-11,1.0152324283755294
2017-01-12,1.0180981984424111
2017-01-13,1.0182809439431537
2017-01-17,1.0209656054008296
2017-01-18,1.0153926300244867
2017-01-19,1.0113378295727535
2017-01-20,1.0155923948005505
2017-01-23,1.021399507209017
2017-01-24,1.0217032922249067
2017-01-25,1.0205793232780305
2017-01-26,1.019527442577631
2017-01-27,1.016886075330502
2017-01-30,1.0133333262111877
2017-01-31,1.0180211365725884
2017-02-01,1.0178989618601963
2017-02-02,1.0206768295802433
2017-02-03,1.023612483126606
2017-02-06,1.024040795661398
2017-02-07,1.0232702970626717
2017-02-08,1.0293102468646322
2017-02-09,1.0282461977351678
2017-02-10,1.0332910101094273
2017-02-13,1.0320073887972945
2017-02-14,1.0295931507539489
2017-02-15,1.0304942107546524
2017-02-16,1.0322507767597526
2017-02-17,1.0319689784252981
2017-02-21,1.0360461183178966
2017-02-22,1.0358266400742997
2017-02-23,1.038927452996901
2017-02-24,1.0394342580334115
2017-02-27,1.0372110760086939
2017-02-28,1.0357325321109383
2017-03-01,1.0375833447060578
2017-03-02,1.0281507675917603
2017-03-03,1.030500051423712
2017-03-06,1.0274990700254616
2017-03-07,1.0237711056903676
2017-03-08,1.0142281030163591
2017-03-09,1.0083065950340482
2017-03-10,1.0107115499115833
2017-03-13,1.0124696885905393
2017-03-14,1.0094090775895312
2017-03-15,1.024128146968293
2017-03-16,1.024538489154051
2017-03-17,1.0274290433802884
2017-03-20,1.0298549479947912
2017-03-21,1.027787498788412
2017-03-22,1.0297370347856678
2017-03-23,1.0305059812109203
2017-03-24,1.0330726011642402
2017-03-27,1.0332977967279298
2017-03-28,1.0349655678750929
2017-03-29,1.0385498161794542
2017-03-30,1.0350084428905792
2017-03-31,1.034442758037558
2017-04-03,1.0383930093768026
2017-04-04,1.038691273296418
2017-04-05,1.037862338264865
2017-04-06,1.0375496327778608
2017-04-07,1.0376142267984103
2017-04-10,1.039344727106518
2017-04-11,1.0455109403286948
2017-04-12,1.0472376190889388
2017-04-13,1.0459709205537835
2017-04-17,1.0493204434806331
2017-04-18,1.0495314184670046
2017-04-19,1.0431051985999205
2017-04-20,1.0454728482148097
2017-04-21,1.044488593723254
2017-04-24,1.046140998550914
2017-04-25,1.0461289097317175
2017-04-26,1.045307525414776
2017-04-27,1.0437258542647718
2017-04-28,1.0426889579011989
2017-05-01,1.0424107151333113
2017-05-02,1.043622498010247
2017-05-03,1.0384928523218078
2017-05-04,1.0323635558480795
2017-05-05,1.0385214601236668
2017-05-08,1.0344750064825452
2017-05-09,1.033190663127917
2017-05-10,1.0368901957111871
2017-05-11,1.0366878021532704
2017-05-12,1.0397501007403662
2017-05-15,1.043153669727274
2017-05-16,1.0445727283812254
2017-05-17,1.0472704020896824
2017-05-18,1.0448620545647886
2017-05-19,1.0539806175701654
2017-05-22,1.0556839280857837
2017-05-23,1.0532047080337386
2017-05-24,1.0560124492506608
2017-05-25,1.0540581374086466
2017-05-26,1.0556172471785437
2017-05-30,1.0540601726612715
2017-05-31,1.0529982727651819
2017-06-01,1.05596140217121
2017-06-02,1.0642305122249116
2017-06-05,1.0607639439380017
2017-06-06,1.0635133434623194
2017-06-07,1.0608412257168174
2017-06-08,1.0588228765387764
2017-06-09,1.0563674396784544
2017-06-12,1.0556523892283336
2017-06-13,1.059279513660182
2017-06-14,1.0589970013513252
2017-06-15,1.0552612691407393
2017-06-16,1.0580050026443495
2017-06-19,1.0575708871871046
2017-06-20,1.0543807605354474
2017-06-21,1.0535806096591973
2017-06-22,1.0557502171371893
2017-06-23,1.0580274131691298
2017-06-26,1.0600771504617568
2017-06-27,1.0571398878744656
2017-06-28,1.0606481870145548
2017-06-29,1.0533476303384908
2017-06-30,1.057002357597544
2017-07-03,1.0568636137458156
2017-07-05,1.0535831618115343
2017-07-06,1.046466810456956
2017-07-07,1.0441886483254377
2017-07-10,1.044967626055016
2017-07-11,1.0487633323034797
2017-07-12,1.0562137700289012
2017-07-13,1.0556119372805723
2017-07-14,1.062484782605246
2017-07-17,1.063086915564912
2017-07-18,1.0672002674545287
2017-07-19,1.071826151103246
2017-07-20,1.0723655151951927
2017-07-21,1.0720699302418526
2017-07-24,1.0714472008590654
2017-07-25,1.0695106544834603
2017-07-26,1.075702656378222
2017-07-27,1.074828703499932
2017-07-28,1.0783605165722183
2017-07-31,1.0805248514644092
2017-08-01,1.083030791820996
2017-08-02,1.081825203551817
2017-08-03,1.0819960953008085
2017-08-04,1.0803965044513368
2017-08-07,1.0816550627266095
2017-08-08,1.0793259732477656
2017-08-09,1.0803376667682303
2017-08-10,1.0728433330933247
2017-08-11,1.073592249313
2017-08-14,1.0759749708929651
2017-08-15,1.0727668181737957
2017-08-16,1.0776728302100251
2017-08-17,1.0748467293241677
2017-08-18,1.0774756396830991
2017-08-21,1.0783698684921141
2017-08-22,1.0792139763423105
2017-08-23,1.0844763607730559
2017-08-24,1.08223373281139
2017-08-25,1.0863240075440772
2017-08-28,1.087549067845536
2017-08-29,1.0865148430662215
2017-08-30,1.0861573817506638
2017-08-31,1.0955816336200905
2017-09-01,1.095592382537219
2017-09-05,1.0973523261886526
2017-09-06,1.0996003713211142
2017-09-07,1.1063495455483905
2017-09-08,1.1035331368200656
2017-09-11,1.104308834617714
2017-09-12,1.1027058911197858
2017-09-13,1.0994262761126443
2017-09-14,1.1028400918027745
2017-09-15,1.1043918689828822
2017-09-18,1.1013648349969758
2017-09-19,1.1017944473417134
2017-09-20,1.100702780692377
2017-09-21,1.0981332033705713
2017-09-22,1.0985251134229017
2017-09-25,1.1015351405334208
2017-09-26,1.098170820279781
2017-09-27,1.0921806574741413
2017-09-28,1.0937658478527172
2017-09-29,1.0952639355902916
2017-10-02,1.0928352405265
2017-10-03,1.0964389077640657
2017-10-04,1.097555488023689
2017-10-05,1.0987804013109628
2017-10-06,1.0955775989698455
2017-10-09,1.0974261889305479
2017-10-10,1.103679690400515
2017-10-11,1.1066249939353945
2017-10-12,1.1078960860149243
2017-10-13,1.1158047964477555
2017-10-16,1.1145945474659604
2017-10-17,1.112638328060747
2017-10-18,1.1109813191223712
2017-10-19,1.1096242244713983
2017-10-20,1.1074823428534155
2017-10-23,1.1062987007236473
2017-10-24,1.1069747954449993
2017-10-25,1.103739626631969
2017-10-26,1.1014379657127085
2017-10-27,1.1079680924106952
2017-10-30,1.1093867015850256
2017-10-31,1.1110398620396287
2017-11-01,1.1145777967168071
2017-11-02,1.1181856814231022
2017-11-03,1.1179715763868208
2017-11-06,1.1248692360990196
2017-11-07,1.1248784207537335
2017-11-08,1.1272826190260261
2017-11-09,1.124825104039798
2017-11-10,1.1186889014301076
2017-11-13,1.1180516309619686
2017-11-14,1.1153155348234032
2017-11-15,1.1128153537023935
2017-11-16,1.1180706182984599
2017-11-17,1.122134008358101
2017-11-20,1.1203006425452287
2017-11-21,1.1275129896922411
2017-11-22,1.1313029340303307
2017-11-24,1.1325265153296065
2017-11-27,1.1289358324372416
2017-11-28,1.1301245259359232
2017-11-29,1.123513083442759
2017-11-30,1.120915314276666
2017-12-01,1.1229285107725788
2017-12-04,1.1187268786976334
2017-12-05,1.1174665950932197
2017-12-06,1.1125209295871497
2017-12-07,1.111593763653504
2017-12-08,1.1158543745569636
2017-12-11,1.1171129515848186
2017-12-12,1.1159134855525483
2017-12-13,1.120916421590646
2017-12-14,1.1196939692859227
2017-12-15,1.1219367141142718
2017-12-18,1.127110654816884
2017-12-19,1.1204342230936024
2017-12-20,1.1183123077822053
2017-12-21,1.1211613072024467
2017-12-22,1.1259058427922406
2017-12-26,1.1305015037219315
2017-12-27,1.1345797991068236
2017-12-28,1.1373183245517777
2017-12-29,1.14010843741755
2018-01-02,1.1439965646068124
2018-01-03,1.1492085548397117
2018-01-04,1.1511261672795825
2018-01-05,1.1524237648569073
2018-01-08,1.153756579257176
2018-01-09,1.149883365092787
2018-01-10,1.1489562766713235
2018-01-11,1.1526087753906307
2018-01-12,1.1577197141942224
2018-01-16,1.1574127386779962
2018-01-17,1.160777267625657
2018-01-18,1.1553229395512115
2018-01-19,1.1581770752497114
2018-01-22,1.162652861074906
2018-01-23,1.1695192215674637
2018-01-24,1.1730136173343038
2018-01-25,1.1711084390714606
2018-01-26,1.1753113411972238
2018-01-29,1.1657194453844053
2018-01-30,1.1567972791686587
2018-01-31,1.1614270801749491
2018-02-01,1.1571270310154311
2018-02-02,1.1409316537476042
2018-02-05,1.1195560581677304
2018-02-06,1.125591473225024
2018-02-07,1.1137541287387625
2018-02-08,1.095310200384655
2018-02-09,1.0995039088758987
2018-02-12,1.1080209247542296
2018-02-13,1.1094249725829008
2018-02-14,1.1184425806350111
2018-02-15,1.1255016497933088
2018-02-16,1.1293572221363686
2018-02-20,1.1211215367429268
2018-02-21,1.112900071325604
2018-02-22,1.1184459773477622
2018-02-23,1.1289696593003213
2018-02-26,1.1349524118686898
2018-02-27,1.1198724722156277
2018-02-28,1.114744037479628
2018-03-01,1.109668521804529
2018-03-02,1.111101942555377
2018-03-05,1.114439630357224
2018-03-06,1.1197594768869548
2018-03-07,1.1166414953006936
2018-03-08,1.1181538936395192
2018-03-09,1.122828984143802
2018-03-12,1.1250243450117752
2018-03-13,1.1232482294519741
2018-03-14,1.125828363303125
2018-03-15,1.124642928086227
2018-03-16,1.124190315457331
2018-03-19,1.1165330096358923
2018-03-20,1.11741833115553
2018-03-21,1.1226496117052198
2018-03-22,1.113414003946371
2018-03-23,1.1066627156299162
2018-03-26,1.1175067910838463
2018-03-27,1.115680020259929
2018-03-28,1.118633311668072
2018-03-29,1.126895460650226
2018-04-02,1.117834109668582
2018-04-03,1.1214385409536392
2018-04-04,1.1231056708846927
2018-04-05,1.1240364664701175
2018-04-06,1.1187085999669457
2018-04-09,1.1231026594933071
2018-04-10,1.1303520247051069
2018-04-11,1.1325753546580744
2018-04-12,1.1276002912910068
2018-04-13,1.128365368423069
2018-04-16,1.1297694609476197
2018-04-17,1.1334044428054728
2018-04-18,1.136752729481393
2018-04-19,1.1301472209868677
2018-04-20,1.1232792264310345
2018-04-23,1.1206475014759445
2018-04-24,1.1183010878072546
2018-04-25,1.1150709810240529
2018-04-26,1.1218107956991634
2018-04-27,1.1266039059252908
2018-04-30,1.1237648199306811
2018-05-01,1.1213042524301944
2018-05-02,1.1185079650339567
2018-05-03,1.1206405991194122
2018-05-04,1.1260578569351392
2018-05-07,1.1263281627530872
2018-05-08,1.1270170283087455
2018-05-09,1.127479625113927
2018-05-10,1.136666563099471
2018-05-11,1.1365653538726244
2018-05-14,1.1362475039405298
2018-05-15,1.1236877186535803
2018-05-16,1.125914122152439
2018-05-17,1.1226527006059777
2018-05-18,1.1226081499460674
2018-05-21,1.1275396842552228
2018-05-22,1.1275938744487273
2018-05-23,1.12902294739408
2018-05-24,1.1286929857436527
2018-05-25,1.127031317896365
2018-05-29,1.1231763261724612
2018-05-30,1.1298046890995856
2018-05-31,1.1267547894494139
2018-06-01,1.1283027900287155
2018-06-04,1.1293166801835324
2018-06-05,1.1285069743976839
2018-06-06,1.1315509433910589
2018-06-07,1.1308740302521845
2018-06-08,1.1313971669429663
2018-06-11,1.1321264464583163
2018-06-12,1.1306103995636356
2018-06-13,1.1277403945089448
2018-06-14,1.1282663262754602
2018-06-15,1.1198003614922756
2018-06-18,1.1168810806173517
2018-06-19,1.111193852769545
2018-06-20,1.1107332711792794
2018-06-21,1.1072719563807218
2018-06-22,1.114853988426259
2018-06-25,1.1068225150326536
2018-06-26,1.1089641464311288
2018-06-27,1.1048303622547666
2018-06-28,1.107371023012502
2018-06-29,1.1122160605720819
2018-07-02,1.1017644185437632
2018-07-03,1.1055222196163437
2018-07-05,1.1097696484680672
2018-07-06,1.1150893010514291
2018-07-09,1.1199147335012334
2018-07-10,1.1189545695682408
2018-07-11,1.1057892482469942
2018-07-12,1.1110289133978266
2018-07-13,1.112467014178614
2018-07-16,1.1071700767893966
2018-07-17,1.107008813727569
2018-07-18,1.106807482865345
2018-07-19,1.1066083453915556
2018-07-20,1.1080723364208787
2018-07-23,1.1053755430788494
2018-07-24,1.1098333461852432
2018-07-25,1.117637593820824
2018-07-26,1.115284038774152
2018-07-27,1.114672801090289
2018-07-30,1.1133303378166726
2018-07-31,1.1161342795239386
2018-08-01,1.1117932288408987
2018-08-02,1.108231205172441
2018-08-03,1.1128450157037073
2018-08-06,1.1096153188485414
2018-08-07,1.1128490356130905
2018-08-08,1.1101592385521857
2018-08-09,1.1097538344446727
2018-08-10,1.1024168021121656
2018-08-13,1.0952728918255252
2018-08-14,1.097750419159206
2018-08-15,1.0866726944104832
2018-08-16,1.091527708917334
2018-08-17,1.097417221867839
2018-08-20,1.10144083228603
2018-08-21,1.1028061460541643
2018-08-22,1.106880932414871
2018-08-23,1.1014488929267279
2018-08-24,1.109776247267475
2018-08-27,1.1154878961293353
2018-08-28,1.112872488690618
2018-08-29,1.1171534121401983
2018-08-30,1.109768177610675
2018-08-31,1.110137409921893
2018-09-04,1.0996488844966368
2018-09-05,1.0959263830925914
2018-09-06,1.0964301455487613
2018-09-07,1.0905770483088202
2018-09-10,1.0919499614660968
2018-09-11,1.092660872532716
2018-09-12,1.0970986817631418
2018-09-13,1.0999261251988877
2018-09-14,1.098119837379508
2018-09-17,1.0981533964182661
2018-09-18,1.1022856097212463
2018-09-19,1.1038521101492627
2018-09-20,1.1096005847878656
2018-09-21,1.1097804588405602
2018-09-24,1.1056538865732193
2018-09-25,1.1086273630390606
2018-09-26,1.1080417160202236
2018-09-27,1.1080289800465273
2018-09-28,1.109562722147579
2018-10-01,1.1110507558133877
2018-10-02,1.1110392258540158
2018-10-03,1.104417928022621
2018-10-04,1.0934457147982173
2018-10-05,1.0904709411713376
2018-10-08,1.0900290577278462
2018-10-09,1.091399241171706
2018-10-10,1.0758841771390062
2018-10-11,1.0700045999123244
2018-10-12,1.073948970853943
2018-10-15,1.0737764490579762
2018-10-16,1.085338379792869
2018-10-17,1.0795583386818501
2018-10-18,1.0696977416748878
2018-10-19,1.0734618085019407
2018-10-22,1.0709755244642698
2018-10-23,1.0657416469325431
2018-10-24,1.055577443432161
2018-10-25,1.0626511115150992
2018-10-26,1.057999578284937
2018-10-29,1.0529416116575792
2018-10-30,1.0588536029398428
2018-10-31,1.0575847433577377
2018-11-01,1.0655584610985347
2018-11-02,1.0635504291518958
2018-11-05,1.0659285601576869
2018-11-06,1.067494659513115
2018-11-07,1.0746510471104456
2018-11-08,1.0677359924454295
2018-11-09,1.0612281484178507
2018-11-12,1.0551773826616406
2018-11-13,1.0527258530449306
2018-11-14,1.0559815172126665
2018-11-15,1.0584473881503176
2018-11-16,1.063385570315646
2018-11-19,1.0605177389426808
2018-11-20,1.0470449191233937
2018-11-21,1.0550352655802657
2018-11-23,1.048204428180381
2018-11-26,1.0530982181703963
2018-11-27,1.0527622822418323
2018-11-28,1.060236824230929
2018-11-29,1.0597064656491837
2018-11-30,1.060021314979974
2018-12-03,1.0723027685425683
2018-12-04,1.0624690985434606
2018-12-06,1.0629237369039728
2018-12-07,1.0589484828058349
2018-12-10,1.0527453480564812
2018-12-11,1.0550063838230521
2018-12-12,1.0579663156408514
2018-12-13,1.0597408219189162
2018-12-14,1.052095264946248
2018-12-17,1.0436923905512154
2018-12-18,1.045136402252016
2018-12-19,1.0394819004996225
2018-12-20,1.037208078781196
2018-12-21,1.0258606062000788
2018-12-24,1.0177105206655033
2018-12-26,1.030645593403873
2018-12-27,1.0319403737905761
2018-12-28,1.0354107517872062
2018-12-31,1.0369783837613369
2019-01-02,1.0369507966471243
2019-01-03,1.0377730709013055
2019-01-04,1.0506848564362563
2019-01-07,1.0540255485758747
2019-01-08,1.0599200138649874
2019-01-09,1.0677327399021086
2019-01-10,1.0695420163309428
2019-01-11,1.06725903810175
2019-01-14,1.063028123037204
2019-01-15,1.068007614475539
2019-01-16,1.072823143291213
2019-01-17,1.074490100457508
2019-01-18,1.0785715142582066
2019-01-22,1.0719975363219512
2019-01-23,1.0735523814249175
2019-01-24,1.0774577840864523
2019-01-25,1.0857031918298319
2019-01-28,1.082428897836253
2019-01-29,1.087210709309467
2019-01-30,1.095971253000969
2019-01-31,1.1006181165373725
2019-02-01,1.097886603423176
2019-02-04,1.098680100783027
2019-02-05,1.1035840614691483
2019-02-06,1.0980365226641682
2019-02-07,1.0940808954322123
2019-02-08,1.0934681950192513
2019-02-11,1.090577806088508
2019-02-12,1.0961441400901468
2019-02-13,1.0956186252176914
2019-02-14,1.0982695994112388
2019-02-15,1.1062760216643162
2019-02-19,1.1114398520581847
2019-02-20,1.111550925388267
2019-02-21,1.1080462568045366
2019-02-22,1.1135266979479332
2019-02-25,1.112810494964559
2019-02-26,1.1147583775901015
2019-02-27,1.1095181443286124
2019-02-28,1.1051053225230583
2019-03-01,1.1006307436104195
2019-03-04,1.1022381671225647
2019-03-05,1.105658212933231
2019-03-06,1.1028375452606616
2019-03-07,1.0977673438178484
2019-03-08,1.0986760384889407
2019-03-11,1.1054428922369728
2019-03-12,1.1100850726336486
2019-03-13,1.1139703477503007
2019-03-14,1.108308765227848
2019-03-15,1.1147583674878059
2019-03-18,1.1171025155097767
2019-03-19,1.1175780233187353
2019-03-20,1.122253494955498
2019-03-21,1.125422763648258
2019-03-22,1.1179635499197185
2019-03-25,1.1209579696106478
2019-03-26,1.1244602487950395
2019-03-27,1.1217670692153314
2019-03-28,1.1225446015213776
2019-03-29,1.1244564414922609
2019-04-01,1.128279270330315
2019-04-02,1.1292957972796998
2019-04-03,1.130191708667889
2019-04-04,1.1316033870686546
2019-04-05,1.134826860496404
2019-04-08,1.1341374767478452
2019-04-09,1.1327941369412866
2019-04-10,1.1380614344924393
2019-04-11,1.1320795989869616
2019-04-12,1.1346044179884478
2019-04-15,1.1327738544680142
2019-04-16,1.128391229861962
2019-04-17,1.1269303088815799
2019-04-18,1.1294961224134858
2019-04-22,1.1262423426544514
2019-04-23,1.1303009083808655
2019-04-24,1.12820540728493
2019-04-25,1.127437385294394
2019-04-26,1.1312593220235598
2019-04-29,1.1287032856428285
2019-04-30,1.131383310515953
2019-05-01,1.12844255510315
2019-05-02,1.1252487328754406
2019-05-03,1.1333702208636454
2019-05-06,1.1282851237677631
2019-05-07,1.1177845552830254
2019-05-08,1.115381926683313
2019-05-09,1.1121583332234155
2019-05-10,1.1170722493892489
2019-05-13,1.1076481191032224
2019-05-14,1.1147035916899004
2019-05-15,1.119232114085419
2019-05-16,1.1199652419815194
2019-05-17,1.113699939322984
2019-05-20,1.1097993798881063
2019-05-21,1.114417520540752
2019-05-22,1.1113665637681043
2019-05-23,1.1074436075483531
2019-05-24,1.1140737549656439
2019-05-28,1.1124388591647163
2019-05-29,1.1101594345987753
2019-05-30,1.1140044614806002
2019-05-31,1.112942664927748
2019-06-03,1.118359075363164
2019-06-04,1.1204901596666526
2019-06-05,1.1189407421926867
2019-06-06,1.1235157211381726
2019-06-07,1.131462517572738
2019-06-10,1.1296978419272055
2019-06-11,1.1336668037369262
2019-06-12,1.1289722132711923
2019-06-13,1.1331007249605576
2019-06-14,1.131011759705663
2019-06-17,1.1332026070674246
2019-06-18,1.1430510958806628
2019-06-19,1.1485737517226098
2019-06-20,1.1618820839187682
2019-06-21,1.1564802623130253
2019-06-24,1.1605040776244688
2019-06-25,1.1561035204053547
2019-06-26,1.1527330037775663
2019-06-27,1.158032708136798
2019-06-28,1.1589241170927893
2019-07-01,1.1606441915673504
2019-07-02,1.1659970278231206
2019-07-03,1.172154288254004
2019-07-05,1.1643536937976844
2019-07-08,1.1614538954896465
2019-07-09,1.160179757855806
2019-07-10,1.168377591593176
2019-07-11,1.1624848625656168
2019-07-12,1.164094649080342
2019-07-15,1.164440223692677
2019-07-16,1.158532651163067
2019-07-17,1.1606831853976605
2019-07-18,1.1629999167616394
2019-07-19,1.1579443226735227
2019-07-22,1.1582241224223373
2019-07-23,1.161246244165404
2019-07-24,1.163142830994234
2019-07-25,1.1556491834997429
2019-07-26,1.158190932567641
2019-07-29,1.1598012705860696
2019-07-30,1.1586762616558601
2019-07-31,1.1540459932169718
2019-08-01,1.154187992452423
2019-08-02,1.1527380322031515
2019-08-05,1.1406967540675856
2019-08-06,1.1496950323459938
2019-08-07,1.1536229563802327
2019-08-08,1.16269404330546
2019-08-09,1.1585545081543502
2019-08-12,1.1581342016047054
2019-08-13,1.1649941436371143
2019-08-14,1.153553688878933
2019-08-15,1.1595524478406367
2019-08-16,1.164216378731927
2019-08-19,1.1629953674566675
2019-08-20,1.1653707178002972
2019-08-21,1.1681166229030384
2019-08-22,1.1639944343751156
2019-08-23,1.1610443470018472
2019-08-26,1.1657803888485532
2019-08-27,1.1703174814997728
2019-08-28,1.172380689800583
2019-08-29,1.175847212717401
2019-08-30,1.1753499931980587
2019-09-03,1.1768236607968738
2019-09-04,1.1881708332268275
2019-09-05,1.1828747111653188
2019-09-06,1.18521880237579
2019-09-09,1.1832211125099448
2019-09-10,1.1776041191244084
2019-09-11,1.18049983749628
2019-09-12,1.182505983141291
2019-09-13,1.1783359751576865
2019-09-16,1.1868062109796567
2019-09-17,1.1883274973906652
2019-09-18,1.1854601164693719
2019-09-19,1.1889931006565158
2019-09-20,1.1934933072235239
2019-09-23,1.1949787240562697
2019-09-24,1.193695781987848
2019-09-25,1.1877640978935669
2019-09-26,1.1907439199508651
2019-09-27,1.1842826035491332
2019-09-30,1.1832659469675464
2019-10-01,1.1801630267546368
2019-10-02,1.1747645385449168
2019-10-03,1.182077280035576
2019-10-04,1.189385658306656
2019-10-07,1.1833289138273688
2019-10-08,1.1804855801027792
2019-10-09,1.184089189622685
2019-10-10,1.183264024252491
2019-10-11,1.1882899015932364
2019-10-14,1.1883149352390037
2019-10-15,1.189735502902895
2019-10-16,1.1913356515910456
2019-10-17,1.1934262975423224
2019-10-18,1.193637477778444
2019-10-21,1.1954596313255998
2019-10-22,1.1965006321073408
2019-10-23,1.2006703979150377
2019-10-24,1.2026667178080235
2019-10-25,1.2023140552506306
2019-10-28,1.1999940340801776
2019-10-29,1.1995173915138553
2019-10-30,1.204200809932771
2019-10-31,1.2059622643437167
2019-11-01,1.2136304149528607
2019-11-04,1.2133074195347229
2019-11-05,1.2069410276223378
2019-11-06,1.2073192359093166
2019-11-07,1.2019721051121188
2019-11-08,1.1984490562780878
2019-11-11,1.1962460887232333
2019-11-12,1.1956712415553006
2019-11-13,1.1972731427166308
2019-11-14,1.2000662869207104
2019-11-15,1.2039160316235775
2019-11-18,1.204241047226199
2019-11-19,1.2045230580358561
2019-11-20,1.2063038539286104
2019-11-21,1.203515497558858
2019-11-22,1.2031773273164832
2019-11-25,1.207422382175199
2019-11-26,1.2115249456032604
2019-11-27,1.2113950882503877
2019-11-29,1.203538749947856
2019-12-02,1.1973601610583884
2019-12-03,1.2035134363501676
2019-12-04,1.2088646200333035
2019-12-05,1.2084624584956682
2019-12-06,1.2109021162993414
2019-12-09,1.209036660906005
2019-12-10,1.209655014396469
2019-12-11,1.2134240098881928
2019-12-12,1.2125742415062108
2019-12-13,1.2178684820637065
2019-12-16,1.221779785141969
2019-12-17,1.2208927930530873
2019-12-18,1.221314813369471
2019-12-19,1.224203297072664
2019-12-20,1.225435732144116
2019-12-23,1.2253773691083159
2019-12-24,1.2275912098695174
2019-12-26,1.2336500228757357
2019-12-27,1.235098461973489
2019-12-30,1.2316291706128097
2019-12-31,1.2316221535572187
2020-01-02,1.2396586079413643
2020-01-03,1.2409982079618336
2020-01-06,1.2424877687720544
2020-01-07,1.2400392705275005
2020-01-08,1.2367143989123124
2020-01-09,1.2388607427490443
2020-01-10,1.2419139162650619
2020-01-13,1.2444991949012971
2020-01-14,1.2449018238918907
2020-01-15,1.2461148000147162
2020-01-16,1.2483705220360226
2020-01-17,1.2494165040607612
2020-01-21,1.2465211174326478
2020-01-22,1.2460872185883225
2020-01-23,1.2460917554695756
2020-01-24,1.2432367736301995
2020-01-27,1.2318865221367297
2020-01-28,1.2345190553658583
2020-01-29,1.236308217641105
2020-01-30,1.2325049977218625
2020-01-31,1.2240944713009907
2020-02-03,1.223283072111462
2020-02-04,1.2289548277857947
2020-02-05,1.2334918638259005
2020-02-06,1.2377079232798562
2020-02-07,1.2346200050543985
2020-02-10,1.2372778642156275
2020-02-11,1.2412287112913825
2020-02-12,1.245146154132702
2020-02-13,1.2434037990052302
2020-02-14,1.245014571310445
2020-02-18,1.2454137777549146
2020-02-19,1.2471020282215564
2020-02-20,1.2464051228335675
2020-02-21,1.2476995730488214
2020-02-24,1.2291590072798135
2020-02-25,1.216131160298075
2020-02-26,1.2140838178942543
2020-02-27,1.1903503035005731
2020-02-28,1.1821704216175595
2020-03-02,1.1978644890096752
2020-03-03,1.2026092514775963
2020-03-04,1.2165727941814404
2020-03-05,1.2087950851985125
2020-03-06,1.2033810912416418
2020-03-09,1.1474198374314097
2020-03-10,1.1604721089956853
2020-03-11,1.1188522750270824
2020-03-12,1.0406958678395883
2020-03-13,1.0724636236127558
2020-03-16,1.0011505269299843
2020-03-17,1.0131625257112156
2020-03-18,0.9586166294399288
2020-03-19,0.9604858270072588
2020-03-20,0.9651839372414652
2020-03-23,0.9738682830801496
2020-03-24,1.0189059362590986
2020-03-25,1.042610547139439
2020-03-26,1.068244725055662
2020-03-27,1.058546456173934
2020-03-30,1.068335133639307
2020-03-31,1.0539094887524456
2020-04-01,1.0251367698275071
2020-04-02,1.0390003906368053
2020-04-03,1.0325451876401053
2020-04-06,1.0685254705099672
2020-04-07,1.0717218857237976
2020-04-08,1.0829152953049421
2020-04-09,1.1050047786513686
2020-04-13,1.0999910655517329
2020-04-14,1.1106626555769161
2020-04-15,1.0969216311822243
2020-04-16,1.0955121153810239
2020-04-17,1.1041245856819029
2020-04-20,1.092712474038575
2020-04-21,1.0759382228374001
2020-04-22,1.089406017619352
2020-04-23,1.0899447371210136
2020-04-24,1.0907099192004006
2020-04-27,1.094425343278424
2020-04-28,1.1004071350770017
2020-04-29,1.1155374634677448
2020-04-30,1.1021495864961701
2020-05-01,1.086896135656489
2020-05-04,1.0890538164847312
2020-05-05,1.0949757839246763
2020-05-06,1.082013304589973
2020-05-07,1.0943846648354405
2020-05-08,1.1046905096172208
2020-05-11,1.0982457193700967
2020-05-12,1.0899223476904518
2020-05-13,1.0868546797115164
2020-05-14,1.0906798108924025
2020-05-15,1.0909573606182392
2020-05-18,1.1130916980011825
2020-05-19,1.1082719494754822
2020-05-20,1.120431359066144
2020-05-21,1.1136421394564828
2020-05-22,1.1132117363679577
2020-05-26,1.127467410798747
2020-05-27,1.13242706303156
2020-05-28,1.135758916899806
2020-05-29,1.1408007189029612
2020-06-01,1.1529579092590265
2020-06-02,1.1602092149386347
2020-06-03,1.1671609110361827
2020-06-04,1.1615713393654907
2020-06-05,1.174788119008748
2020-06-08,1.1851041574144139
2020-06-09,1.1823815442609957
2020-06-10,1.185176950640796
2020-06-11,1.1479098918370618
2020-06-12,1.1612970850052522
2020-06-15,1.1647927940120943
2020-06-16,1.1713730656365249
2020-06-17,1.1714279520676574
2020-06-18,1.1713447221523932
2020-06-19,1.1711093254652951
2020-06-22,1.1775641663201186
2020-06-23,1.1787574992970857
2020-06-24,1.1624096184794714
2020-06-25,1.170225618219666
2020-06-26,1.162512075925585
2020-06-29,1.1702718494723054
2020-06-30,1.1708018859772218
2020-07-01,1.1770974389047106
2020-07-02,1.183969759013682
2020-07-06,1.1964745314140548
2020-07-07,1.1910147364332024
2020-07-08,1.1978014931026808
2020-07-09,1.1955137516341148
2020-07-10,1.1978103919067522
2020-07-13,1.1924475472453149
2020-07-14,1.1994944921924473
2020-07-15,1.2061630915419244
2020-07-16,1.1982182835658932
2020-07-17,1.20336397270111
2020-07-20,1.2060147806815742
2020-07-21,1.2123937060357026
2020-07-22,1.2183443397150235
2020-07-23,1.217758003244669
2020-07-24,1.2165134161125915
2020-07-27,1.228502216220405
2020-07-28,1.2295459970726001
2020-07-29,1.2394357733113048
2020-07-30,1.2300912509534054
2020-07-31,1.2242107737775663
2020-08-03,1.230196077618283
2020-08-04,1.243210288023865
2020-08-05,1.2458921132145648
2020-08-06,1.2513363403808837
2020-08-07,1.2436414398498832
2020-08-10,1.2444564826980367
2020-08-11,1.2296184452605483
2020-08-12,1.2384102833825525
2020-08-13,1.2364086024978476
2020-08-14,1.2336962212702671
2020-08-17,1.2449703263594463
2020-08-18,1.2485849042714885
2020-08-19,1.2354618751937807
2020-08-20,1.2382257039971907
2020-08-21,1.2366719426802883
2020-08-24,1.2421763272414565
2020-08-25,1.2437169332907834
2020-08-26,1.2456228586666453
2020-08-27,1.2376499408634194
2020-08-28,1.246474245822905
2020-08-31,1.2422558252861402
2020-09-01,1.2492741808257253
2020-09-02,1.2531164850455994
2020-09-03,1.2395089545186673
2020-09-04,1.23396403040498
2020-09-08,1.222981307777447
2020-09-09,1.2321947777635338
2020-09-10,1.225177100791512
2020-09-11,1.2303320311850325
2020-09-14,1.2404018180496714
2020-09-15,1.2459285302055971
2020-09-16,1.2496742080370704
2020-09-17,1.2481384943954048
2020-09-18,1.2416821411928136
2020-09-21,1.223115187505713
2020-09-22,1.222544197654159
2020-09-23,1.2087588551490887
2020-09-24,1.2097809817621243
2020-09-25,1.2130370677039957
2020-09-28,1.2253050731299033
2020-09-29,1.2232757614365104
2020-09-30,1.2239913739000774
2020-10-01,1.229432453229757
2020-10-02,1.2266610901977195
2020-10-05,1.2342629406515644
2020-10-06,1.2312351884049577
2020-10-07,1.2345814864210023
2020-10-08,1.2427556166175293
2020-10-09,1.2478136570472833
2020-10-12,1.250560171306317
2020-10-13,1.243768368261371
2020-10-14,1.2431098392340179
2020-10-15,1.2402392291969457
2020-10-16,1.2376448236397417
2020-10-19,1.2335525644390217
2020-10-20,1.2377614365940293
2020-10-21,1.2373869610844601
2020-10-22,1.2340866618961324
2020-10-23,1.2366642817956155
2020-10-26,1.2274469376379882
2020-10-27,1.2280028387058601
2020-10-28,1.2065080100120609
2020-10-29,1.2075681210070974
2020-10-30,1.2017499580402695
2020-11-02,1.2164530545846568
2020-11-03,1.2278348521662152
2020-11-04,1.2414098953574795
2020-11-05,1.2573316684227342
2020-11-06,1.254504609513927
2020-11-09,1.2601835889611746
2020-11-10,1.2635039869309181
2020-11-11,1.2671129567727268
2020-11-12,1.2620436317949357
2020-11-13,1.2729834839527223
2020-11-16,1.2824343114591654
2020-11-17,1.2830972897267157
2020-11-18,1.277588191619883
2020-11-19,1.282030595999712
2020-11-20,1.2871832361071818
2020-11-23,1.2843921655999258
2020-11-24,1.291259885395639
2020-11-25,1.290050433322469
2020-11-27,1.2943978884692025
2020-11-30,1.2792193264908076
2020-12-01,1.291095132604065
2020-12-02,1.2898057696064202
2020-12-03,1.2971173952193775
2020-12-04,1.2999112981768153
2020-12-07,1.2989117929045557
2020-12-08,1.300932827090207
2020-12-09,1.2955335874045877
2020-12-10,1.3019383506259419
2020-12-11,1.30107061804504
2020-12-14,1.2993221905221495
2020-12-15,1.3103320867944745
2020-12-16,1.313187298265004
2020-12-17,1.3215567190716406
2020-12-18,1.315930823771697
2020-12-21,1.3072421120272921
2020-12-22,1.3047608158060795
2020-12-23,1.3098047760137599
2020-12-24,1.3124286622980292
2020-12-28,1.314983499330945
2020-12-29,1.3195816098518083
2020-12-30,1.3260347916204713
2020-12-31,1.3281603860521232
2021-01-04,1.3241100841694213
2021-01-05,1.3348590247624006
2021-01-06,1.3299856003110926
2021-01-07,1.3299845050746786
2021-01-08,1.3343798037721197
2021-01-11,1.323921027036096
2021-01-12,1.3321951390620816
2021-01-13,1.3369223883529926
2021-01-14,1.3416756530727267
2021-01-15,1.3324580775186174
2021-01-19,1.3398876777322857
2021-01-20,1.3509898799658056
2021-01-21,1.347859702267113
2021-01-22,1.3421761234399974
2021-01-25,1.349424790423756
2021-01-26,1.3492277767501784
2021-01-27,1.3327698986210739
2021-01-28,1.3350146150695885
2021-01-29,1.321088031048331
2021-02-01,1.3381583388339988
2021-02-02,1.3426573741555128
2021-02-03,1.3433233661475583
2021-02-04,1.3420234889228675
2021-02-05,1.3470493678051751
2021-02-08,1.3586663920424298
2021-02-09,1.3640702320299554
2021-02-10,1.3665029290446888
2021-02-11,1.367443150720662
2021-02-12,1.3685286197913185
2021-02-16,1.3654452870175124
2021-02-17,1.3648560701913384
2021-02-18,1.3570932033816812
2021-02-19,1.3579172517915963
2021-02-22,1.3574442728330784
2021-02-23,1.3591997296758715
2021-02-24,1.360206841804159
2021-02-25,1.3372106185865
2021-02-26,1.3275117101501126
2021-03-01,1.334921406814726
2021-03-02,1.331440204558322
2021-03-03,1.3244364886533413
2021-03-04,1.3141560668844645
2021-03-05,1.323311254436466
2021-03-08,1.310826716434527
2021-03-09,1.326235869363927
2021-03-10,1.3319047878391637
2021-03-11,1.340397419099617
2021-03-12,1.3364714898695749
2021-03-15,1.3418422875005966
2021-03-16,1.341394199005707
2021-03-17,1.3437102796851692
2021-03-18,1.3264071749178714
2021-03-19,1.3330880167480046
2021-03-22,1.3347764108799345
2021-03-23,1.322762876502389
2021-03-24,1.3216366035745142
2021-03-25,1.320606431948348
2021-03-26,1.336273428971175
2021-03-29,1.3289246620006434
2021-03-30,1.324217171403542
2021-03-31,1.324784532335485
2021-04-01,1.3414999791003206
2021-04-05,1.3429093706695427
2021-04-06,1.3443052114036915
2021-04-07,1.3412734781244662
2021-04-08,1.3481992995640613
2021-04-09,1.3452849496407926
2021-04-12,1.3421936806211237
2021-04-13,1.3502223967161116
2021-04-14,1.3524211143833804
2021-04-15,1.3665601797047997
2021-04-16,1.3669163518352387
2021-04-19,1.3635409239667096
2021-04-20,1.358472758098058
2021-04-21,1.3658197687249816
2021-04-22,1.3653652018717355
2021-04-23,1.3725872376801183
2021-04-26,1.3742345180077273
2021-04-27,1.3705634827372197
2021-04-28,1.3729145618900127
2021-04-29,1.3740332880814197
2021-04-30,1.3669756567700402
2021-05-03,1.3749929277695787
2021-05-04,1.3701172157860986
2021-05-05,1.3738243306316476
2021-05-06,1.3835435159278708
2021-05-07,1.392617925717811
2021-05-10,1.3846251102364455
2021-05-11,1.3771872627707509
2021-05-12,1.3546026731761318
2021-05-13,1.3559922266182494
2021-05-14,1.3715267243365112
2021-05-17,1.373650326043556
2021-05-18,1.3774072600707874
2021-05-19,1.3698181983093296
2021-05-20,1.3778161424688746
2021-05-21,1.3790737414898464
2021-05-24,1.3884153268360835
2021-05-25,1.3930078998943438
2021-05-26,1.3950255969627556
2021-05-27,1.3969774919752431
2021-05-28,1.4001943264269305
2021-06-01,1.4093744919186573
2021-06-02,1.41643829656676
2021-06-03,1.4065297130732177
2021-06-04,1.4192242602550555
2021-06-07,1.421976933407675
2021-06-08,1.4248533487679427
2021-06-09,1.4240307120073197
2021-06-10,1.4311491062583888
2021-06-11,1.427490850065678
2021-06-14,1.4250184420758618
2021-06-15,1.4212779099868176
2021-06-16,1.4115198875485826
2021-06-17,1.4038062316731887
2021-06-18,1.3970194297299967
2021-06-21,1.4059593128298886
2021-06-22,1.4049235419189128
2021-06-23,1.4036040128500697
2021-06-24,1.4086708903320098
2021-06-25,1.4101980256660729
2021-06-28,1.410679471739041
2021-06-29,1.4096408528591071
2021-06-30,1.4082164999890707
2021-07-01,1.4095145128001756
2021-07-02,1.4159366809842524
2021-07-06,1.4110074985998227
2021-07-07,1.4131553058473847
2021-07-08,1.4060915434720023
2021-07-09,1.4191918820683807
2021-07-12,1.4217074885090903
2021-07-13,1.4174285665119992
2021-07-14,1.4238130937235636
2021-07-15,1.4220655765410068
2021-07-16,1.4152227372313517
2021-07-19,1.4014005211673823
2021-07-20,1.4096663647973615
2021-07-21,1.4149025334064136
2021-07-22,1.418036334111139
2021-07-23,1.4178900745322345
2021-07-26,1.4140941829307463
2021-07-27,1.4115303664996945
2021-07-28,1.4196006498268465
2021-07-29,1.4257592196290292
2021-07-30,1.420223846142476
2021-08-02,1.4237716187335454
2021-08-03,1.4263268540414031
2021-08-04,1.4214166984388887
2021-08-05,1.4251719271069114
2021-08-06,1.4120979750674765
2021-08-09,1.4043864930679362
2021-08-10,1.4058359975927615
2021-08-11,1.4149122679486072
2021-08-12,1.4124945872594552
2021-08-13,1.420001933962643
2021-08-16,1.4170856963890206
2021-08-17,1.4076054831846034
2021-08-18,1.4033919178767156
2021-08-19,1.3966083868691817
2021-08-20,1.3943700826909826
2021-08-23,1.4089785692711523
2021-08-24,1.416300697565857
2021-08-25,1.4145672169959538
2021-08-26,1.4103896415988992
2021-08-27,1.42450152379906
2021-08-30,1.4270556430527714
2021-08-31,1.4288976487842608
2021-09-01,1.4380126466943688
2021-09-02,1.442596410834296
2021-09-03,1.4491747083159785
2021-09-07,1.4420116167437744
2021-09-08,1.440790063458257
2021-09-09,1.4415346578197137
2021-09-10,1.4372079815573642
2021-09-13,1.4463203202246435
2021-09-14,1.4463106099517502
2021-09-15,1.4503281690697343
2021-09-16,1.4411420139283266
2021-09-17,1.4322707617799666
2021-09-20,1.4221088188229587
2021-09-21,1.427934708794105
2021-09-22,1.43479821703107
2021-09-23,1.4338058203096824
2021-09-24,1.4260705320821376
2021-09-27,1.4264836900593367
2021-09-28,1.4074205751765694
2021-09-29,1.4063158504478932
2021-09-30,1.4060046931728962
2021-10-01,1.4137750899903732
2021-10-04,1.4076482198398652
2021-10-05,1.4090296178440973
2021-10-06,1.4057687507188763
2021-10-07,1.4107574093711086
2021-10-08,1.4075871608635628
2021-10-11,1.407853334684653
2021-10-12,1.4133432098306846
2021-10-13,1.4254845089976582
2021-10-14,1.4352803638530935
2021-10-15,1.4372931433955989
2021-10-18,1.435124623894655
2021-10-19,1.4371207781010986
2021-10-20,1.442300737529404
2021-10-21,1.43353270252469
2021-10-22,1.4408277180232876
2021-10-25,1.4439672918541537
2021-10-26,1.4447846136776452
2021-10-27,1.441480174782236
2021-10-28,1.4470620249541968
2021-10-29,1.4391150304670755
2021-11-01,1.4467656675804417
2021-11-02,1.4466887906846397
2021-11-03,1.4424200985969535
2021-11-04,1.4452051130929648
2021-11-05,1.4556401265785759
2021-11-08,1.458096462576279
2021-11-09,1.4615803688998594
2021-11-10,1.449435775069672
2021-11-11,1.4560029385136568
2021-11-12,1.458969692180379
2021-11-15,1.4555352153231809
2021-11-16,1.4511351816884575
2021-11-17,1.4520131808693244
2021-11-18,1.4515765168291475
2021-11-19,1.4474162838442937
2021-11-22,1.4361980705996125
2021-11-23,1.4354753241878322
2021-11-24,1.4371532866002688
2021-11-26,1.4115641121649216
2021-11-29,1.412916049088451
2021-11-30,1.4028660098399903
2021-12-01,1.3982603181257405
2021-12-02,1.4116899922557833
2021-12-03,1.4139963031314886
2021-12-06,1.4192940390210795
2021-12-07,1.4341818556367023
2021-12-08,1.4347331761618842
2021-12-09,1.4251990837141881
2021-12-10,1.4291190064176775
2021-12-13,1.4274650539106497
2021-12-14,1.4191387194771732
2021-12-15,1.4263170671414291
2021-12-16,1.430235402921285
2021-12-17,1.4244178691969156
2021-12-20,1.4140366452536322
2021-12-21,1.425516498543819
2021-12-22,1.435286972082391
2021-12-23,1.437477126673754
2021-12-27,1.4459334932042411
2021-12-28,1.444113646687635
2021-12-29,1.4414896030059785
2021-12-30,1.446293609242837
2021-12-31,1.4468270457846204
2022-01-03,1.4391073807146375
2022-01-04,1.4440398329299144
2022-01-05,1.4303179966325776
2022-01-06,1.4287409115814027
2022-01-07,1.427138827256377
2022-01-10,1.4244466679515277
2022-01-11,1.4388988204065978
2022-01-12,1.447386975497662
2022-01-13,1.4412638938794382
2022-01-14,1.4368174963795082
2022-01-18,1.4235757593882552
2022-01-19,1.4248976817375734
2022-01-20,1.4216774760789737
2022-01-21,1.418133961196505
2022-01-24,1.4119038788432696
2022-01-25,1.4109756079392382
2022-01-26,1.397234835610073
2022-01-27,1.391281835500232
2022-01-28,1.398458004925067
2022-01-31,1.4133626696987185
2022-02-01,1.4161287903482305
2022-02-02,1.4241205674045703
2022-02-03,1.411384005707302
2022-02-04,1.40886544357105
2022-02-07,1.411165252796591
2022-02-08,1.4109492987021723
2022-02-09,1.4259843719121525
2022-02-10,1.4088756779382696
2022-02-11,1.410461360191653
2022-02-14,1.4045573151111637
2022-02-15,1.407446783935751
2022-02-16,1.4136822416757273
2022-02-17,1.4094542299021726
2022-02-18,1.408626547204612
2022-02-22,1.4050587983597391
2022-02-23,1.3954368753138469
2022-02-24,1.3920447747744884
2022-02-25,1.405301712795214
2022-02-28,1.4069378567586714
2022-03-01,1.410411396233944
2022-03-02,1.4119516827980376
2022-03-03,1.4126136218393897
2022-03-04,1.4164231980947743
2022-03-07,1.3978006243979644
2022-03-08,1.401085840894718
2022-03-09,1.3981709346949516
2022-03-10,1.3870765442756199
2022-03-11,1.379916583693824
2022-03-14,1.3613900617902661
2022-03-15,1.3602870816471344
2022-03-16,1.3871552021599816
2022-03-17,1.4010811447690963
2022-03-18,1.4092911120566134
2022-03-21,1.4061919813394936
2022-03-22,1.4071215626372895
2022-03-23,1.4116560706410226
2022-03-24,1.4153626275402251
2022-03-25,1.4131168718932714
2022-03-28,1.4037298290752598
2022-03-29,1.4218537777809583
2022-03-30,1.4241989279747305
2022-03-31,1.4109624969261572
2022-04-01,1.4214270093238772
2022-04-04,1.4294163859107127
2022-04-05,1.4086586526245548
2022-04-06,1.4003836645446022
2022-04-07,1.396042225341726
2022-04-08,1.3958784449629646
2022-04-11,1.3821227914240255
2022-04-12,1.3840296144804556
2022-04-13,1.397435965259627
2022-04-14,1.3885892079795346
2022-04-18,1.3846338902237976
2022-04-19,1.3784659884580646
2022-04-20,1.3893190517946585
2022-04-21,1.3774203120159143
2022-04-22,1.360925282001305
2022-04-25,1.3579950247959642
2022-04-26,1.3476094655352187
2022-04-27,1.346337565826533
2022-04-28,1.3603261470679457
2022-04-29,1.3428493002994117
2022-05-02,1.333242238994345
2022-05-03,1.3395124937252267
2022-05-04,1.3581786268199891
2022-05-05,1.3282108622716
2022-05-06,1.3196556707662201
2022-05-09,1.2897873278695344
2022-05-10,1.2883320695960165
2022-05-11,1.2932935912108183
2022-05-12,1.2929748260722818
2022-05-13,1.3065459146438425
2022-05-16,1.3087702261916403
2022-05-17,1.3132618804166367
2022-05-18,1.2998404705108029
2022-05-19,1.3097657685541046
2022-05-20,1.317435418631326
2022-05-23,1.3235723124840715
2022-05-24,1.3272647205440125
2022-05-25,1.332376897957391
2022-05-26,1.3389698029065322
2022-05-27,1.3516107225218088
2022-05-31,1.341217539197997
2022-06-01,1.3379811076448203
2022-06-02,1.354413431674132
2022-06-03,1.3422475066276538
2022-06-06,1.3398541251670268
2022-06-07,1.3488087745766872
2022-06-08,1.3400262235767881
2022-06-09,1.3268063589449366
2022-06-10,1.3127923314369971
2022-06-13,1.2733007617092207
2022-06-14,1.2659421487900473
2022-06-15,1.284041167879991
2022-06-16,1.2721374862272237
2022-06-17,1.2654660917359974
2022-06-21,1.2689197590445775
2022-06-22,1.2692468859042962
2022-06-23,1.271319363210263
2022-06-24,1.2850889859354224
2022-06-27,1.2798556722259677
2022-06-28,1.278078585620203
2022-06-29,1.2755067288582624
2022-06-30,1.269277828574209
2022-07-01,1.2764159377895379
2022-07-05,1.2568732857398563
2022-07-06,1.2471852610368923
2022-07-07,1.2605655513754859
2022-07-08,1.2613311792783068
2022-07-11,1.2542078621150357
2022-07-12,1.2462089215372223
2022-07-13,1.2485325694234992
2022-07-14,1.2362784899811832
2022-07-15,1.247147984428193
2022-07-18,1.2483620505420319
2022-07-19,1.2613241028373507
2022-07-20,1.258835690471224
2022-07-21,1.2700989068815565
2022-07-22,1.2716163702467016
2022-07-25,1.2733953946165828
2022-07-26,1.2683155884405963
2022-07-27,1.284448854226443
2022-07-28,1.2970702128050522
2022-07-29,1.3020144719160085
2022-08-01,1.3035560303250109
2022-08-02,1.2875213588582908
2022-08-03,1.2929401620496168
2022-08-04,1.2958728848912668
2022-08-05,1.285625656747086
2022-08-08,1.294331813112555
2022-08-09,1.2927398613046321
2022-08-10,1.307841760863277
2022-08-11,1.3054442996186433
2022-08-12,1.3175528587766119
2022-08-15,1.3126628205527557
2022-08-16,1.3095842422117916
2022-08-17,1.3026111477970252
2022-08-18,1.3020803120156939
2022-08-19,1.2873969887773404
2022-08-22,1.2771790753419583
2022-08-23,1.279805146069734
2022-08-24,1.2814607554891944
2022-08-25,1.292527159585883
2022-08-26,1.2768639918340552
2022-08-29,1.2725576721741847
2022-08-30,1.2617043288420273
2022-08-31,1.2518121198189538
2022-09-01,1.2387907300355734
2022-09-02,1.2360711526907378
2022-09-06,1.2252139602645198
2022-09-07,1.2328757189058015
2022-09-08,1.2326729647226218
2022-09-09,1.248996763437106
2022-09-12,1.25620678523544
2022-09-13,1.2306657604080202
2022-09-14,1.233878776010441
2022-09-15,1.2186237115064535
2022-09-16,1.2142415673460474
2022-09-19,1.2169262789538642
2022-09-20,1.2043889545278672
2022-09-21,1.1986383288419187
2022-09-22,1.191103968616759
2022-09-23,1.1701462173505905
2022-09-26,1.148658164556862
2022-09-27,1.1403925952693121
2022-09-28,1.16463077700144
2022-09-29,1.1514062733643946
2022-09-30,1.1468818819688953
2022-10-03,1.1688509425709253
2022-10-04,1.1923578976404323
2022-10-05,1.185579785623545
2022-10-06,1.1760825663255818
2022-10-07,1.1627452513436127
2022-10-10,1.1503417586084528
2022-10-11,1.1443169406162557
2022-10-12,1.142660025031198
2022-10-13,1.1498309485278704
2022-10-14,1.1322733316207845
2022-10-17,1.1462469927622014
2022-10-18,1.1482409369973754
2022-10-19,1.1329352899026588
2022-10-20,1.1291270099026725
2022-10-21,1.137842193358488
2022-10-24,1.1297116954117903
2022-10-25,1.1496603169260615
2022-10-26,1.1600644384477565
2022-10-27,1.1586160061058621
2022-10-28,1.159519301849775
2022-10-31,1.1527517528974367
2022-11-01,1.163396640896272
2022-11-02,1.154025163025191
2022-11-03,1.1514604777058266
2022-11-04,1.1743125108325352
2022-11-07,1.1716356327810462
2022-11-08,1.180331360122137
2022-11-09,1.1674030248477412
2022-11-10,1.2143641417613644
2022-11-11,1.2268949776778455
2022-11-14,1.215587595908968
2022-11-15,1.2293341523230024
2022-11-16,1.2269088452783172
2022-11-17,1.220067153281485
2022-11-18,1.2178841051950053
2022-11-21,1.213808383967762
2022-11-22,1.22569624244825
2022-11-23,1.2331547112236874
2022-11-25,1.2336744861443434
2022-11-28,1.2229334452265672
2022-11-29,1.2280353438616889
2022-11-30,1.2485058631698829
2022-12-01,1.259060256675071
2022-12-02,1.2594082572403147
2022-12-05,1.2387693112472473
2022-12-06,1.2362769255455293
2022-12-07,1.2420392106844091
2022-12-08,1.245678984281201
2022-12-09,1.240138405073765
2022-12-12,1.2419536809369516
2022-12-13,1.2578509863918814
2022-12-14,1.258477980572991
2022-12-15,1.241487833910497
2022-12-16,1.2330924260971783
2022-12-19,1.2251919607643047
2022-12-20,1.2258515816262243
2022-12-21,1.2330164149626839
2022-12-22,1.2252615493279022
2022-12-23,1.227678822844923
2022-12-27,1.2272125353684993
2022-12-28,1.2149173317687771
2022-12-29,1.2294368741480453
2022-12-30,1.223141484171593
2023-01-03,1.228008013758358
2023-01-04,1.2379889604771463
2023-01-05,1.2272703130948157
2023-01-06,1.250905422042112
2023-01-09,1.256461300950031
2023-01-10,1.2553595270096476
2023-01-11,1.2705117553637408
2023-01-12,1.2873082764671537
2023-01-13,1.290332810636923
2023-01-17,1.2903492742606377
2023-01-18,1.2895958907431746
2023-01-19,1.292529649413836
2023-01-20,1.2967279738659006
2023-01-23,1.2983320466634727
2023-01-24,1.3027953570207287
2023-01-25,1.3064380223897787
2023-01-26,1.30808842088096
2023-01-27,1.3061218395309449
2023-01-30,1.2949775017943037
2023-01-31,1.3060959298919768
2023-02-01,1.3132913777313835
2023-02-02,1.3111809680181103
2023-02-03,1.2890575981139587
2023-02-06,1.2813613536109987
2023-02-07,1.2864704404150145
2023-02-08,1.2843243844478913
2023-02-09,1.2780658639604459
2023-02-10,1.2773448003726118
2023-02-13,1.2822679133588968
2023-02-14,1.2797429217134138
2023-02-15,1.2717851325824296
2023-02-16,1.2645165927386721
2023-02-17,1.2639392805176337
2023-02-21,1.2492720581598413
2023-02-22,1.244059519665118
2023-02-23,1.2520496586304644
2023-02-24,1.2365551413562843
2023-02-27,1.2419556565600172
2023-02-28,1.2410198866836353
2023-03-01,1.2442619893423001
2023-03-02,1.245253321287829
2023-03-03,1.2641240402083649
2023-03-06,1.2593365352275878
2023-03-07,1.2434500647635192
2023-03-08,1.2477237048578127
2023-03-09,1.238912507178446
2023-03-10,1.241837771232656
2023-03-13,1.244344235946167
2023-03-14,1.2413485322964677
2023-03-15,1.2327434520198435
2023-03-16,1.239186424606983
2023-03-17,1.2391140407395504
2023-03-20,1.2445730074229813
2023-03-21,1.24547243087068
2023-03-22,1.2449783764009081
2023-03-23,1.2486527265702139
2023-03-24,1.2523458321921932
2023-03-27,1.2493051164911746
2023-03-28,1.2533168586725896
2023-03-29,1.2582972035599396
2023-03-30,1.2680288893759961
2023-03-31,1.278010981080041
2023-04-03,1.284904939648921
2023-04-04,1.2885264412029398
2023-04-05,1.2852355594482843
2023-04-06,1.2857792425500414
2023-04-10,1.2814178551649775
2023-04-11,1.2866661485895252
2023-04-12,1.2876390009563554
2023-04-13,1.2948282075921929
2023-04-14,1.2846938201161655
2023-04-17,1.2848839474549898
2023-04-18,1.2878347904009144
2023-04-19,1.2812244089367544
2023-04-20,1.2812219965302123
2023-04-21,1.2784151102514352
2023-04-24,1.2818361770019404
2023-04-25,1.275406374904917
2023-04-26,1.2687061343251387
2023-04-27,1.2768962826897137
2023-04-28,1.2838965095844783
2023-05-01,1.2724515021744127
2023-05-02,1.270249170172645
2023-05-03,1.2713014194487802
2023-05-04,1.2737548106350947
2023-05-05,1.2826409345722893
2023-05-08,1.2790065200148037
2023-05-09,1.2794078702027274
2023-05-10,1.2820278249654824
2023-05-11,1.2774906887238255
2023-05-12,1.2722290999614947
2023-05-15,1.2766715151921935
2023-05-16,1.2645001035393408
2023-05-17,1.2699136217410651
2023-05-18,1.2624918293567344
2023-05-19,1.263405942850187
2023-05-22,1.2653717146891674
2023-05-23,1.2585736074488456
2023-05-24,1.2475095543566785
2023-05-25,1.242863201883754
2023-05-26,1.2541466827603323
2023-05-30,1.2503279997713899
2023-05-31,1.2474416739159908
2023-06-01,1.2612131718935082
2023-06-02,1.2703294865518835
2023-06-05,1.2673910073368964
2023-06-06,1.2763198823472648
2023-06-07,1.2680719162558693
2023-06-08,1.2761676846045882
2023-06-09,1.2753617594964521
2023-06-12,1.2761498962635027
2023-06-13,1.280953370242056
2023-06-14,1.2864062520690491
2023-06-15,1.2974820563677967
2023-06-16,1.295596031492252
2023-06-20,1.2848869071326847
2023-06-21,1.28809110172803
2023-06-22,1.2753178730394126
2023-06-23,1.265022477299343
2023-06-26,1.2704582376203262
2023-06-27,1.2718784128165264
2023-06-28,1.2737823479831967
2023-06-29,1.2696600533082505
2023-06-30,1.2801899893012572
2023-07-03,1.2829066115421335
2023-07-05,1.277154226835624
2023-07-06,1.2631578585665237
2023-07-07,1.2696404561200325
2023-07-10,1.2720504139136166
2023-07-11,1.281946433839814
2023-07-12,1.2964874628101009
2023-07-13,1.3093941024144993
2023-07-14,1.3012085688685096
2023-07-17,1.2995071240617624
2023-07-18,1.3059618581675307
2023-07-19,1.3112208055093049
2023-07-20,1.3030408026819407
2023-07-21,1.3044603881046049
2023-07-24,1.3094103845596679
2023-07-25,1.3111207862584895
2023-07-26,1.3146450470091247
2023-07-27,1.3015949123667743
2023-07-28,1.3118096037608
2023-07-31,1.3142964749000603
2023-08-01,1.300989888243352
2023-08-02,1.2842334356766332
2023-08-03,1.278170922741554
2023-08-04,1.2843397182536973
2023-08-07,1.2864131716691447
2023-08-08,1.2823455694982173
2023-08-09,1.2826536593006548
2023-08-10,1.2786932132603248
2023-08-11,1.2742757273661336
2023-08-14,1.268705303423955
2023-08-15,1.2571701856564075
2023-08-16,1.2474260596406312
2023-08-17,1.2440361760259067
2023-08-18,1.246197696657528
2023-08-21,1.2427460969855053
2023-08-22,1.2453183946236874
2023-08-23,1.2616340640311194
2023-08-24,1.2547995174126387
2023-08-25,1.2585418275466105
2023-08-28,1.2659118496381527
2023-08-29,1.2780242519492366
2023-08-30,1.2779001656489088
2023-08-31,1.2773409423675135
2023-09-01,1.2789171890588056
2023-09-05,1.2708034657663119
2023-09-06,1.2694040178596706
2023-09-07,1.2691011032510813
2023-09-08,1.268094091636987
2023-09-11,1.273310056120262
2023-09-12,1.2726874563307498
2023-09-13,1.2708421345521677
2023-09-14,1.2793906578502297
2023-09-15,1.2761786185505717
2023-09-18,1.2763700319712312
2023-09-19,1.273917162800736
2023-09-20,1.2702583779294934
2023-09-21,1.2496499547689004
2023-09-22,1.253719252055349
2023-09-25,1.2451875196416526
2023-09-26,1.2334381351194326
2023-09-27,1.230315772558783
2023-09-28,1.233455153804255
2023-09-29,1.227818701064524
2023-10-02,1.2138923948205034
2023-10-03,1.1981947784894358
2023-10-04,1.1969545054720392
2023-10-05,1.200602781467879
2023-10-06,1.2040583916971213
2023-10-09,1.2162917674534657
2023-10-10,1.2225415721407185
2023-10-11,1.2302372260743044
2023-10-12,1.2190185447185935
2023-10-13,1.2271223464691807
2023-10-16,1.2269306367101125
2023-10-17,1.2241814652162661
2023-10-18,1.2143016283847339
2023-10-19,1.206800357119244
2023-10-20,1.2022565764833897
2023-10-23,1.2016615275443088
2023-10-24,1.2082937305730435
2023-10-25,1.1984169265607794
2023-10-26,1.1998749327365337
2023-10-27,1.201181393857878
2023-10-30,1.2022269884454757
2023-10-31,1.2038719485268787
2023-11-01,1.2150818406903723
2023-11-02,1.2354798229275752
2023-11-03,1.2480854392134126
2023-11-06,1.2408298649836804
2023-11-07,1.2365016280896097
2023-11-08,1.2334991100196935
2023-11-09,1.2253179380078898
2023-11-10,1.2307867786330813
2023-11-13,1.2326499105350521
2023-11-14,1.2586382783599752
2023-11-15,1.2543673351708295
2023-11-16,1.2537679042354823
2023-11-17,1.2620512638656274
2023-11-20,1.2688914013244958
2023-11-21,1.2681409695130363
2023-11-22,1.2689406364861135
2023-11-24,1.2683268326705321
2023-11-27,1.2715299802553086
2023-11-28,1.2790928174617113
2023-11-29,1.2841718114324643
2023-11-30,1.2799395385503163
2023-12-01,1.2945505177912064
2023-12-04,1.2843650364052754
2023-12-05,1.284267004254873
2023-12-06,1.2849333951402229
2023-12-07,1.2876602922893952
2023-12-08,1.2823794758364104
2023-12-11,1.2821790246746632
2023-12-12,1.2807190416923213
2023-12-13,1.304999429898645
2023-12-14,1.3220157600933866
2023-12-15,1.3142748943014402
2023-12-18,1.3140530042374337
2023-12-19,1.3219625703134477
2023-12-20,1.312594574361206
2023-12-21,1.3231393600630774
2023-12-22,1.323509330329567
2023-12-26,1.3301734260502829
2023-12-27,1.3382117242937788
2023-12-28,1.3370749284977317
2023-12-29,1.3324536190023213
2024-01-02,1.3247033381342799
2024-01-03,1.3189930409864001
2024-01-04,1.3142234727290116
2024-01-05,1.3140518295204318
2024-01-08,1.3199376282210955
2024-01-09,1.31489425272403
2024-01-10,1.316265782570999
2024-01-11,1.3201494042092403
2024-01-12,1.3263211465409779
2024-01-16,1.3097481636009805
2024-01-17,1.2980318636222563
2024-01-18,1.3016230809521085
2024-01-19,1.3068593872552512
2024-01-22,1.3103586423064655
2024-01-23,1.3080319233040933
2024-01-24,1.3077463498965216
2024-01-25,1.3140680659604231
2024-01-26,1.3128464003605762
2024-01-29,1.3192015899126948
2024-01-30,1.3186187635024613
2024-01-31,1.316320030429991
2024-02-01,1.328038712493816
2024-02-02,1.3138942970383731
2024-02-05,1.303795643025706
2024-02-06,1.3148577088823867
2024-02-07,1.3149681067081571
2024-02-08,1.3136887020492993
2024-02-09,1.3150303562974053
2024-02-12,1.316897744137216
2024-02-13,1.2989775370524124
2024-02-14,1.3051471249794295
2024-02-15,1.316161947942642
2024-02-16,1.3147946801230566
2024-02-20,1.3169168581183948
2024-02-21,1.3168520481316155
2024-02-22,1.3245783696775404
2024-02-23,1.3262821568774226
2024-02-26,1.3236281574284854
2024-02-27,1.3247795029279301
2024-02-28,1.3224248554660927
2024-02-29,1.3275786326670418
2024-03-01,1.3423737689574722
2024-03-04,1.3440593129813834
2024-03-05,1.3443765984079246
2024-03-06,1.3560117345357778
2024-03-07,1.3603333824042876
2024-03-08,1.3619680891832204
2024-03-11,1.3586307024318094
2024-03-12,1.357635850963684
2024-03-13,1.3568888565246155
2024-03-14,1.3474493485974375
2024-03-15,1.3477244498255376
2024-03-18,1.3518240100823282
2024-03-19,1.352683146306211
2024-03-20,1.3600869790911811
2024-03-21,1.362606942044974
2024-03-22,1.35837955940147
2024-03-25,1.3556461763721703
2024-03-26,1.3552019215085884
2024-03-27,1.365730651029773
2024-03-28,1.3704569942757179
2024-04-01,1.3626700585512543
2024-04-02,1.361991517798393
2024-04-03,1.368100021976051
2024-04-04,1.364094273639617
2024-04-05,1.3672245129575555
2024-04-08,1.3727304566653034
2024-04-09,1.3796277320346162
2024-04-10,1.3580707464022361
2024-04-11,1.3631687101684629
2024-04-12,1.3517775452997332
2024-04-15,1.345347433241938
2024-04-16,1.3349700634132395
2024-04-17,1.3312430243550804
2024-04-18,1.3303628800635527
2024-04-19,1.331858704462836
2024-04-22,1.334206525207142
2024-04-23,1.339789718079028
2024-04-24,1.3384968789619411
2024-04-25,1.3349636073769255
2024-04-26,1.341796420545094
2024-04-29,1.34921924808806
2024-04-30,1.33259240076306
2024-05-01,1.3332226326146788
2024-05-02,1.3471426538096862
2024-05-03,1.3561607486099128
2024-05-06,1.3631315471614256
2024-05-07,1.3620730490869861
2024-05-08,1.3553006442923858
2024-05-09,1.365801571389833
2024-05-10,1.3643509118116206
2024-05-13,1.3651946303176243
2024-05-14,1.3720366125007506
2024-05-15,1.386105938582873
2024-05-16,1.3832184959752967
2024-05-17,1.3892227754417177
2024-05-20,1.3907451126728063
2024-05-21,1.3885936544500008
2024-05-22,1.3770808590649215
2024-05-23,1.3640765412609759
2024-05-24,1.3702696117687405
2024-05-28,1.370999049653475
2024-05-29,1.3543295785953269
2024-05-30,1.3602331167494848
2024-05-31,1.3657710943853245
2024-06-03,1.3715655222485874
2024-06-04,1.3692598245931642
2024-06-05,1.3763634199256747
2024-06-06,1.3809692182786815
2024-06-07,1.3609752180463466
2024-06-10,1.366703230208674
2024-06-11,1.364591395484559
2024-06-12,1.3736985672514022
2024-06-13,1.370691552819149
2024-06-14,1.3726366747009313
2024-06-17,1.3693683044852014
2024-06-18,1.3766524547132595
2024-06-20,1.3761652633768091
2024-06-21,1.3695991234950333
2024-06-24,1.3765249033287363
2024-06-25,1.3745712376547072
2024-06-26,1.3670717118388165
2024-06-27,1.373741688956817
2024-06-28,1.3721194860627846
2024-07-01,1.3685288648503493
2024-07-02,1.375642488021194
2024-07-03,1.38798341358486
2024-07-05,1.3960093252845502
2024-07-08,1.3907788991702137
2024-07-09,1.389845703123564
2024-07-10,1.3989792825132437
2024-07-11,1.4116006166704356
2024-07-12,1.417083818688923
2024-07-15,1.4104955895873843
2024-07-16,1.423388931245475
2024-07-17,1.4192398505022594
2024-07-18,1.407099109229459
2024-07-19,1.395652953862489
2024-07-22,1.4012465062017547
2024-07-23,1.3968393327063606
2024-07-24,1.383095481706557
2024-07-25,1.3780372391845872
2024-07-26,1.3897917684152437
2024-07-29,1.3900680638866558
2024-07-30,1.3935306868448274
2024-07-31,1.4137396247087424
2024-08-01,1.3986407272321577
2024-08-02,1.3893719413071755
2024-08-05,1.369990944773888
2024-08-06,1.3661809331427472
2024-08-07,1.3694403279007843
2024-08-08,1.3845135410573466
2024-08-09,1.3899550082485819
2024-08-12,1.3968102417686972
2024-08-13,1.407919216327622
2024-08-14,1.4075195823049087
2024-08-15,1.414795867479886
2024-08-16,1.4224425433352623
2024-08-19,1.43028691367047
2024-08-20,1.428778939552206
2024-08-21,1.4335530413813369
2024-08-22,1.4245307597768055
2024-08-23,1.4457817007809919
2024-08-26,1.4432845413865367
2024-08-27,1.4453575876571296
2024-08-28,1.437736935456185
2024-08-29,1.4402649816333115
2024-08-30,1.4384001938755242
2024-09-03,1.428748004000462
2024-09-04,1.428946458043898
2024-09-05,1.4337325611554403
2024-09-06,1.41726848871609
2024-09-09,1.4279392148541157
2024-09-10,1.428811687371692
2024-09-11,1.4329231750183946
2024-09-12,1.4438137917078557
2024-09-13,1.4491789321340198
2024-09-16,1.457406249754374
2024-09-17,1.4526722004385322
2024-09-18,1.444747592068599
2024-09-19,1.4622205893481721
2024-09-20,1.4615924484238796
2024-09-23,1.466508380690911
2024-09-24,1.4784110221146738
2024-09-25,1.4693300397809497
2024-09-26,1.4823822286414183
2024-09-27,1.4776537974905217
2024-09-30,1.4749228995412302
2024-10-01,1.4814049976830692
2024-10-02,1.4827812805141911
2024-10-03,1.4753732330952147
2024-10-04,1.4770351626936549
2024-10-07,1.4733647498465068
2024-10-08,1.4635064088868692
2024-10-09,1.4575558310139796
2024-10-10,1.4600006446407492
2024-10-11,1.4660133074925055
2024-10-14,1.463929811552609
2024-10-15,1.456196962577483
2024-10-16,1.4634423496136066
2024-10-17,1.4574256310667917
2024-10-18,1.4638543303429357
2024-10-21,1.4492168787257493
2024-10-22,1.4511560327226147
2024-10-23,1.441489507031876
2024-10-24,1.4468076333244881
2024-10-25,1.444622049936785
2024-10-28,1.4427839652132688
2024-10-29,1.444058528810846
2024-10-30,1.4463630453281657
2024-10-31,1.4389792094764517
2024-11-01,1.4309736914574056
2024-11-04,1.4412502008791968
2024-11-05,1.454150615695491
2024-11-06,1.4324203435420104
2024-11-07,1.4516398532129453
2024-11-08,1.4448213119569662
2024-11-11,1.434810442806975
2024-11-12,1.4165646030671815
2024-11-13,1.408911954271977
2024-11-14,1.4069335851245681
2024-11-15,1.4037346523059506
2024-11-18,1.4165784483384074
2024-11-19,1.4206435839794573
2024-11-20,1.4184842121482477
2024-11-21,1.4224825192948718
2024-11-22,1.4286073372163808
2024-11-25,1.4321334848844174
2024-11-26,1.4290912295441038
2024-11-27,1.4326598262146342
2024-11-29,1.444191283707377
2024-12-02,1.4426386004801814
2024-12-03,1.445984305667748
2024-12-04,1.4471629669448107
2024-12-05,1.4471204753899722
2024-12-06,1.4461835226238093
2024-12-09,1.4504100615052253
2024-12-10,1.4437082197690994
2024-12-11,1.4491881947974046
2024-12-12,1.4376128366139473
2024-12-13,1.429458699809168
2024-12-16,1.4264572642400868
2024-12-17,1.4226797106623619
2024-12-18,1.3925194996408459
2024-12-19,1.3873054591838423
2024-12-20,1.3952061905344533
2024-12-23,1.3955882894417664
2024-12-24,1.4006523519913328
2024-12-26,1.404141080284235
2024-12-27,1.4000702297261371
2024-12-30,1.3982514251268765
2024-12-31,1.3999799162503848
2025-01-02,1.4019112851274356
2025-01-03,1.4035537978183241
2025-01-06,1.4022236870493994
2025-01-07,1.3974363715712377
2025-01-08,1.3972235887246507
2025-01-10,1.3864241141023963
2025-01-13,1.3862403006845867
2025-01-14,1.3909360981973315
2025-01-15,1.4075919420978777
2025-01-16,1.4119295803327807
2025-01-17,1.4137544394729304
2025-01-21,1.4295592648021065
2025-01-22,1.4249012306744258
2025-01-23,1.427085233597364
2025-01-24,1.4337233082279988
2025-01-27,1.429616156881599
2025-01-28,1.4311120807877886
2025-01-29,1.427342423121475
2025-01-30,1.4408088111849962
2025-01-31,1.433125997721185
2025-02-03,1.4318165234680202
2025-02-04,1.4417174442379224
2025-02-05,1.4515599965914643
2025-02-06,1.4535381037328439
2025-02-07,1.4475958776840734
2025-02-10,1.4563290809733103
2025-02-11,1.4561844433252225
2025-02-12,1.448511230832308
2025-02-13,1.4639273356682412
2025-02-14,1.4635921623895223
2025-02-18,1.4711995400051723
2025-02-19,1.4698356800981216
2025-02-20,1.4750744398432207
2025-02-21,1.4701478352650854
2025-02-24,1.4683811022732944
2025-02-25,1.4737522616156833
2025-02-26,1.4753159471345643
2025-02-27,1.4645662130538541
2025-02-28,1.4630020740717675
2025-03-03,1.468067502557708
2025-03-04,1.4647825528203156
2025-03-05,1.478259448214429
2025-03-06,1.4662651267170588
2025-03-07,1.4723269929119658
2025-03-10,1.4578812294374277
2025-03-11,1.456041170954995
2025-03-12,1.4599521336605752
2025-03-13,1.4584002466056594
2025-03-14,1.4715680095110328
2025-03-17,1.4848125765521214
2025-03-18,1.484955754187835
2025-03-19,1.4923958796328674
2025-03-20,1.4880917260588375
2025-03-21,1.4802080747024895
2025-03-24,1.4805651218760965
2025-03-25,1.4818189248904983
2025-03-26,1.4743735099525204
2025-03-27,1.4772499822739344
2025-03-28,1.4723902710842778
2025-03-31,1.4779825688196335
2025-04-01,1.4803253339704403
2025-04-02,1.4840002581900025
2025-04-03,1.4545606326483955
2025-04-04,1.4036798828054584
2025-04-07,1.3719634866912338
2025-04-08,1.3566230689956835
2025-04-09,1.4178041970916322
2025-04-10,1.396171644487372
2025-04-11,1.4188068808032783
2025-04-14,1.4304201847309768
2025-04-15,1.4357526921565966
2025-04-16,1.4409086386390526
2025-04-17,1.44959640558075
2025-04-21,1.4435601033984853
2025-04-22,1.4566083036198516
2025-04-23,1.4565682484993654
2025-04-24,1.471939370266714
2025-04-25,1.473285482998507
2025-04-28,1.481832693652484
2025-04-29,1.4825543715150837
2025-04-30,1.4745596526069544
2025-05-01,1.4690804791292498
2025-05-02,1.4800140185438082
2025-05-05,1.4857725042004781
2025-05-06,1.4923716049117863
2025-05-07,1.484442781465003
2025-05-08,1.4780730267632605
2025-05-09,1.4852411384736104
2025-05-12,1.4873535500707968
2025-05-13,1.4872417576046602
2025-05-14,1.4770165477793435
2025-05-15,1.4882214279332746
2025-05-16,1.4894965092105525
2025-05-19,1.4936151140325056
2025-05-20,1.4980935073785124
2025-05-21,1.4855869497365977
2025-05-22,1.483564698153691
2025-05-23,1.4923667659260393
2025-05-27,1.501774236991777
2025-05-28,1.4930130709142013
2025-05-29,1.5000051522699587
2025-05-30,1.4964421054754502
2025-06-02,1.5089798376781876
2025-06-03,1.504667983816024
2025-06-04,1.5127946915747201
2025-06-05,1.5108273684818092
2025-06-06,1.5096402163568037
2025-06-09,1.5134296032445977
2025-06-10,1.5177945587974804
2025-06-11,1.522056422899963
2025-06-12,1.53155335150798
2025-06-13,1.5281859849892372
2025-06-16,1.5259843608687338
2025-06-17,1.5255156821571343
2025-06-18,1.5281304179262118
2025-06-20,1.5219576261708117
2025-06-23,1.522988238289451
2025-06-24,1.5265674323964737
2025-06-25,1.5209722660933276
2025-06-26,1.530243406184038
2025-06-27,1.5290669293335852
2025-06-30,1.5338246707971714
