Date,SPY
2015-01-05,0.9817754283043346
2015-01-06,0.9724839474913526
2015-01-07,0.9845275581658139
2015-01-08,1.0018445035852102
2015-01-09,0.9937840591449724
2015-01-12,0.9859683336712574
2015-01-13,0.9831915214461757
2015-01-14,0.9772378624498744
2015-01-15,0.9682441965886164
2015-01-16,0.9808598871655158
2015-01-20,0.9829491615589474
2015-01-21,0.9878987831949473
2015-01-22,1.002481394989176
2015-01-23,0.9969701363513962
2015-01-26,0.9993020257446785
2015-01-27,0.9860329256845788
2015-01-28,0.9733060300583327
2015-01-29,0.9822613278826295
2015-01-30,0.9698308158378816
2015-02-02,0.9817680700950829
2015-02-03,0.9958636867071995
2015-02-04,0.9920645316265554
2015-02-05,1.0020292074428463
2015-02-06,0.9992544706209263
2015-02-09,0.9947717698862597
2015-02-10,1.005313410343139
2015-02-11,1.0058965662892114
2015-02-12,1.015523968409946
2015-02-13,1.0196956347759913
2015-02-17,1.0212986090797949
2015-02-18,1.0213955831272803
2015-02-19,1.0206662067170178
2015-02-20,1.026772477699252
2015-02-23,1.0266269132281487
2015-02-24,1.0295391900670599
2015-02-25,1.0286638092957106
2015-02-26,1.0274479545128996
2015-02-27,1.0239424829355455
2015-03-02,1.0303866850539514
2015-03-03,1.0261492278754405
2015-03-04,1.0218140349552765
2015-03-05,1.0229314461491852
2015-03-06,1.0084422657620005
2015-03-09,1.0126134861605711
2015-03-10,0.9960521579442554
2015-03-11,0.9937168897005548
2015-03-12,1.0062711410195697
2015-03-13,1.0000813304434206
2015-03-16,1.013354587946209
2015-03-17,1.010337899252243
2015-03-18,1.0224114259500303
2015-03-19,1.0177372761228973
2015-03-20,1.0266813273760664
2015-03-23,1.0246784413292898
2015-03-24,1.0189043713008767
2015-03-25,1.003863176316864
2015-03-26,1.001469984070235
2015-03-27,1.0037601718231812
2015-03-30,1.0159319829461868
2015-03-31,1.0070139071670512
2015-04-01,1.0034469054733164
2015-04-02,1.0070501656044661
2015-04-06,1.0138080981679551
2015-04-07,1.0111218508898279
2015-04-08,1.0145304299413256
2015-04-09,1.0190085316275446
2015-04-10,1.0245542482292573
2015-04-13,1.0199096279993647
2015-04-14,1.021858719014564
2015-04-15,1.0264336279352244
2015-04-16,1.0261413325341
2015-04-17,1.0142686631742321
2015-04-20,1.0234936157224455
2015-04-21,1.022273611469261
2015-04-22,1.0272849688117238
2015-04-23,1.0298665328562095
2015-04-24,1.0322537546714392
2015-04-27,1.0279526639129934
2015-04-28,1.0312149746999295
2015-04-29,1.0269633730400045
2015-04-30,1.0166210423999908
2015-05-01,1.0275829186800158
2015-05-04,1.0305047132806884
2015-05-05,1.0186357349594863
2015-05-06,1.0144332766485928
2015-05-07,1.0184724691045233
2015-05-08,1.0317941931796502
2015-05-11,1.0268580870004302
2015-05-12,1.023781650807798
2015-05-13,1.0239769132177312
2015-05-14,1.0345993821836674
2015-05-15,1.035719586158603
2015-05-18,1.0389324813392091
2015-05-19,1.0385913687362986
2015-05-20,1.0378595152895629
2015-05-21,1.040877897021089
2015-05-22,1.0383885727350466
2015-05-26,1.0271638776580099
2015-05-27,1.0368679551354332
2015-05-28,1.0356973142198662
2015-05-29,1.0292426653218079
2015-06-01,1.0313365255449056
2015-06-02,1.0303119187823975
2015-06-03,1.0330384365764205
2015-06-04,1.0242757423218445
2015-06-05,1.0225195095213688
2015-06-08,1.0162118626972463
2015-06-09,1.0160655613433118
2015-06-10,1.02817909025127
2015-06-11,1.0314881214174971
2015-06-12,1.0235617408099564
2015-06-15,1.0191659144442884
2015-06-16,1.0247067572761375
2015-06-17,1.0263627234952153
2015-06-18,1.0369813610957135
2015-06-19,1.032367432108592
2015-06-22,1.0376430468028912
2015-06-23,1.0383771038650678
2015-06-24,1.030808125020873
2015-06-25,1.0276698261930286
2015-06-26,1.02747355854243
2015-06-29,1.0056978230245088
2015-06-30,1.0078006973583127
2015-07-01,1.015846436945249
2015-07-02,1.014916243909957
2015-07-06,1.0120235741050434
2015-07-07,1.0183680740234402
2015-07-08,1.0011376005458297
2015-07-09,1.0029472510643531
2015-07-10,1.0154968054883873
2015-07-13,1.0266437076775459
2015-07-14,1.0310879999756726
2015-07-15,1.030745104799619
2015-07-16,1.0389830893111722
2015-07-17,1.0398636138239004
2015-07-20,1.0404016334870951
2015-07-21,1.0362829329772425
2015-07-22,1.0344213287958008
2015-07-23,1.0285812982244917
2015-07-24,1.017857024520171
2015-07-27,1.0119186028938802
2015-07-28,1.0242722167694196
2015-07-29,1.0312940646859485
2015-07-30,1.0315388391727136
2015-07-31,1.0299717571075095
2015-08-03,1.026491964376173
2015-08-04,1.024484114741954
2015-08-05,1.027854503184418
2015-08-06,1.0194039278008062
2015-08-07,1.0174450414722562
2015-08-10,1.0301841726670837
2015-08-11,1.02084621228449
2015-08-12,1.0220683170830698
2015-08-13,1.0207958079677892
2015-08-14,1.0245068826722257
2015-08-17,1.0302150976933313
2015-08-18,1.0272264925081112
2015-08-19,1.0190733744716387
2015-08-20,0.9975683878683221
2015-08-21,0.9670778755596314
2015-08-24,0.9254751963020476
2015-08-25,0.9145196736238809
2015-08-26,0.9489742115761309
2015-08-27,0.9721618035218264
2015-08-28,0.9722107252008586
2015-08-31,0.9643241354582024
2015-09-01,0.9351031725412138
2015-09-02,0.9526858782078436
2015-09-03,0.9533681500744702
2015-09-04,0.9388271146792558
2015-09-08,0.9621289795313718
2015-09-09,0.9491766903906249
2015-09-10,0.954328241558359
2015-09-11,0.958655149120059
2015-09-14,0.9550913702418492
2015-09-15,0.9669557919315495
2015-09-16,0.9752995356204113
2015-09-17,0.9731046447220881
2015-09-18,0.9570712870946456
2015-09-21,0.9620045688030364
2015-09-22,0.9494361244708814
2015-09-23,0.9479171568020955
2015-09-24,0.9444833521066002
2015-09-25,0.9442384750267907
2015-09-28,0.9202382280381064
2015-09-29,0.9207763418859509
2015-09-30,0.9377981964097826
2015-10-01,0.9402421562730174
2015-10-02,0.9541831888385716
2015-10-05,0.9710134287428199
2015-10-06,0.9676809080271649
2015-10-07,0.9755744729046362
2015-10-08,0.984341267633401
2015-10-09,0.9849279798900481
2015-10-12,0.9858569409866632
2015-10-13,0.9796241380501235
2015-10-14,0.9749166119653551
2015-10-15,0.9897723056803026
2015-10-16,0.9942621165075926
2015-10-19,0.994751285372932
2015-10-20,0.9934784957967848
2015-10-21,0.9872964651044862
2015-10-22,1.003836326294012
2015-10-23,1.0147800557595512
2015-10-26,1.012283168474518
2015-10-27,1.0103250802498724
2015-10-28,1.021752290143683
2015-10-29,1.0211649664208324
2015-10-30,1.0167547008829536
2015-11-02,1.028713438422321
2015-11-03,1.0316917742366902
2015-11-04,1.0285577794437195
2015-11-05,1.0275302748062283
2015-11-06,1.026992249161296
2015-11-09,1.0173637666507476
2015-11-10,1.019708228896107
2015-11-11,1.0156908111467338
2015-11-12,1.0014123676386435
2015-11-13,0.9901044021734559
2015-11-16,1.0050476660239318
2015-11-17,1.0043141142316632
2015-11-18,1.020123236484046
2015-11-19,1.0192433058404993
2015-11-20,1.0229508398002294
2015-11-23,1.0217774696150037
2015-11-24,1.0231451547324897
2015-11-25,1.0229982602054701
2015-11-27,1.0241704600369808
2015-11-30,1.0199096331801998
2015-12-01,1.029589312485634
2015-12-02,1.0190283723898366
2015-12-03,1.0046580699373104
2015-12-04,1.0240629181427703
2015-12-07,1.0178401254458163
2015-12-08,1.0109778199271604
2015-12-09,1.0030817489132626
2015-12-10,1.005667703295166
2015-12-11,0.9859854382578455
2015-12-14,0.9909544170763203
2015-12-15,1.0013030236886327
2015-12-16,1.015847762266965
2015-12-17,1.0002488899160473
2015-12-18,0.9822688886546038
2015-12-21,0.9903389330931548
2015-12-22,0.999284789667677
2015-12-23,1.0115835459348002
2015-12-24,1.0099121420452568
2015-12-28,1.0076019714793385
2015-12-29,1.0182976285084953
2015-12-30,1.0110550500914641
2015-12-31,1.0008900020615836
2016-01-04,0.9867992650326665
2016-01-05,0.9884668693887051
2016-01-06,0.9759189635212036
2016-01-07,0.9522197873231759
2016-01-08,0.9417096336370251
2016-01-11,0.9426417295555493
2016-01-12,0.95021668494782
2016-01-13,0.9262167564466853
2016-01-14,0.9412991613330253
2016-01-15,0.920873050629739
2016-01-19,0.9220980647551363
2016-01-20,0.910204907591666
2016-01-21,0.9152897341318009
2016-01-22,0.9338767448723848
2016-01-25,0.9196520735379982
2016-01-26,0.9321144733670571
2016-01-27,0.921914235849509
2016-01-28,0.9267042964293446
2016-01-29,0.9490238692973392
2016-02-01,0.9486806529413321
2016-02-02,0.9314276877817015
2016-02-03,0.9369948240064374
2016-02-04,0.9384632724802012
2016-02-05,0.920413007221509
2016-02-08,0.9079390728334944
2016-02-09,0.9079879830387452
2016-02-10,0.9072040961953208
2016-02-11,0.8953259401013824
2016-02-12,0.9135970493558058
2016-02-16,0.9288885137691645
2016-02-17,0.9439386181608358
2016-02-18,0.940064366019681
2016-02-19,0.9396239592041697
2016-02-22,0.9531313151386611
2016-02-23,0.941017007163931
2016-02-24,0.9453132391225931
2016-02-25,0.9566938082977837
2016-02-26,0.9544896380659068
2016-02-29,0.9469745282095361
2016-03-01,0.9689772053810864
2016-03-02,0.9733205473885429
2016-03-03,0.9771282007050877
2016-03-04,0.9803020418952988
2016-03-07,0.9810844589808049
2016-03-08,0.9703141622026503
2016-03-09,0.9750953689976759
2016-03-10,0.97587755227637
2016-03-11,0.9914998276748958
2016-03-14,0.990227462294394
2016-03-15,0.9886120686382247
2016-03-16,0.9943172718381391
2016-03-17,1.0006054293968918
2016-03-18,1.004529780690147
2016-03-21,1.0059540547300767
2016-03-22,1.0054130493413824
2016-03-23,0.9987557864326255
2016-03-24,0.9983136620226788
2016-03-28,0.9989030900920263
2016-03-29,1.0081007185003374
2016-03-30,1.0125140978006053
2016-03-31,1.0100537460062051
2016-04-01,1.01691112202596
2016-04-04,1.0136128938153102
2016-04-05,1.0034382426840438
2016-04-06,1.0143376984441983
2016-04-07,1.0021265888146702
2016-04-08,1.0048257723817513
2016-04-11,1.0024644383059678
2016-04-12,1.0117569245658697
2016-04-13,1.0219255063372685
2016-04-14,1.0219747665771475
2016-04-15,1.020844015869501
2016-04-18,1.0279919344850874
2016-04-19,1.0312297782964335
2016-04-20,1.0322119720570397
2016-04-21,1.0266448761213145
2016-04-22,1.0266448761213145
2016-04-25,1.0248749193978832
2016-04-26,1.0263965353026079
2016-04-27,1.0285069051784104
2016-04-28,1.0191300201560245
2016-04-29,1.0136127737411453
2016-05-02,1.0216377654934994
2016-05-03,1.0127071991271919
2016-05-04,1.0070424517218612
2016-05-05,1.006845861971984
2016-05-06,1.0105233268138127
2016-05-09,1.0113581606176931
2016-05-10,1.0238555427977258
2016-05-11,1.0142323966349414
2016-05-12,1.0145269535262407
2016-05-13,1.0056475958276139
2016-05-16,1.0155199918819229
2016-05-17,1.0059969779380895
2016-05-18,1.0062914959929041
2016-05-19,1.002798897896927
2016-05-20,1.0091141834555932
2016-05-23,1.0077377289598322
2016-05-24,1.0207167197246503
2016-05-25,1.0276168760545485
2016-05-26,1.0279112688026337
2016-05-27,1.0323212049194803
2016-05-31,1.0303553744726153
2016-06-01,1.0324644303447235
2016-06-02,1.0356023827384806
2016-06-03,1.0325040984153158
2016-06-06,1.0377447528820154
2016-06-07,1.0393636554812993
2016-06-08,1.042746253790833
2016-06-09,1.0413214362453664
2016-06-10,1.0314051422506947
2016-06-13,1.0234203752985649
2016-06-14,1.0214051574465903
2016-06-15,1.0199805192192837
2016-06-16,1.0230200931813538
2016-06-17,1.0192030326429082
2016-06-20,1.0257458695128159
2016-06-21,1.0286534674898933
2016-06-22,1.0269739855958113
2016-06-23,1.0402612085700604
2016-06-24,1.0022194568713363
2016-06-27,0.9841072045621079
2016-06-28,1.0016983169646692
2016-06-29,1.0186112324144985
2016-06-30,1.0324166258243928
2016-07-01,1.0345828880973387
2016-07-05,1.0271144439448312
2016-07-06,1.0332563116115348
2016-07-07,1.0326153173944108
2016-07-08,1.0478780813065043
2016-07-11,1.0515674304242377
2016-07-12,1.0591775929914018
2016-07-13,1.0590298686372974
2016-07-14,1.0649266104570103
2016-07-15,1.0634968102952793
2016-07-18,1.0663508308298288
2016-07-19,1.0652661042332243
2016-07-20,1.0696916343749778
2016-07-21,1.0656437916351582
2016-07-22,1.0704124253641463
2016-07-25,1.0675012918725149
2016-07-26,1.067994057493612
2016-07-27,1.066859902906093
2016-07-28,1.0680912150813158
2016-07-29,1.069814288891678
2016-08-01,1.068926984931438
2016-08-02,1.0620561646379383
2016-08-03,1.0651556737021028
2016-08-04,1.0662884175896683
2016-08-05,1.074974112541847
2016-08-08,1.0743333749977886
2016-08-09,1.0749737306306963
2016-08-10,1.0723096068853615
2016-08-11,1.0772744047910958
2016-08-12,1.0763379820373915
2016-08-15,1.0794373021244104
2016-08-16,1.0738557965002833
2016-08-17,1.0758734163701913
2016-08-18,1.0782850314787993
2016-08-19,1.076707446827519
2016-08-22,1.0766581277213774
2016-08-23,1.0788239312311843
2016-08-24,1.073291755267041
2016-08-25,1.0725522659032822
2016-08-26,1.0705305380337882
2016-08-29,1.0757892959360342
2016-08-30,1.0740137455755168
2016-08-31,1.0709550027774353
2016-09-01,1.0710044924709123
2016-09-02,1.0758214009911946
2016-09-06,1.0790681081727396
2016-09-07,1.0789696471597707
2016-09-08,1.076503847594999
2016-09-09,1.0504244441841422
2016-09-12,1.0653881015747304
2016-09-13,1.0499613258532892
2016-09-14,1.0495674511450386
2016-09-15,1.0600036335381056
2016-09-16,1.0558985005416268
2016-09-19,1.0560961564114182
2016-09-20,1.0561457046933138
2016-09-21,1.0679560240686858
2016-09-22,1.0746649266014607
2016-09-23,1.0687599839854374
2016-09-26,1.0600653911765034
2016-09-27,1.066626153638912
2016-09-28,1.071907254300072
2016-09-29,1.0621653811862668
2016-09-30,1.0701503807754678
2016-10-03,1.0675747967176823
2016-10-04,1.0621185162463878
2016-10-05,1.0668082510282704
2016-10-06,1.067550171665137
2016-10-07,1.063882872867961
2016-10-10,1.069409334026493
2016-10-11,1.0558172425920778
2016-10-12,1.0572012174540666
2016-10-13,1.0537330268555403
2016-10-14,1.0542769470754834
2016-10-17,1.05060961267984
2016-10-18,1.0571684487552697
2016-10-19,1.0599844247282555
2016-10-20,1.0580039060023827
2016-10-21,1.0584983044134464
2016-10-24,1.0629905700141766
2016-10-25,1.0594227433858743
2016-10-26,1.0572936425523116
2016-10-27,1.0544701209799385
2016-10-28,1.0513495493191678
2016-10-31,1.0513989024147075
2016-11-01,1.0437535265551392
2016-11-02,1.0374523333959211
2016-11-03,1.032692824578376
2016-11-04,1.0315545839776314
2016-11-07,1.054060323263563
2016-11-08,1.0587971051944056
2016-11-09,1.0699635170659572
2016-11-10,1.072630386609568
2016-11-11,1.070154952441842
2016-11-14,1.07099534612525
2016-11-15,1.0793195905056807
2016-11-16,1.0772905077575985
2016-11-17,1.0828141130539084
2016-11-18,1.0803887945637682
2016-11-21,1.0885163082257354
2016-11-22,1.0906405938390549
2016-11-23,1.0912339049731317
2016-11-25,1.0952807265810391
2016-11-28,1.0901263869900395
2016-11-29,1.0922503722164179
2016-11-30,1.0896268978112584
2016-12-01,1.0856143462936805
2016-12-02,1.086157811112419
2016-12-05,1.092665062519532
2016-12-06,1.096120465110073
2016-12-07,1.1103656971105162
2016-12-08,1.1130813080306974
2016-12-09,1.1197847143809176
2016-12-12,1.1184985682405006
2016-12-13,1.1259385410441756
2016-12-14,1.1166062930907794
2016-12-15,1.1211941687646414
2016-12-16,1.1189990416711513
2016-12-19,1.1214329256915874
2016-12-20,1.1257507648651504
2016-12-21,1.1226137310813555
2016-12-22,1.1206725962970097
2016-12-23,1.1223124862712672
2016-12-27,1.1250936510971385
2016-12-28,1.1157566154459873
2016-12-29,1.115507989573466
2016-12-30,1.1114231786701403
2017-01-03,1.119893292038164
2017-01-04,1.126536059182042
2017-01-05,1.1256408674533178
2017-01-06,1.1296606171272412
2017-01-09,1.1259258750416161
2017-01-10,1.1259258750416161
2017-01-11,1.1291032884901606
2017-01-12,1.1262655716213834
2017-01-13,1.1288481731011204
2017-01-17,1.124863790438417
2017-01-18,1.1273469143950001
2017-01-19,1.1231628334406696
2017-01-20,1.1272817318484174
2017-01-23,1.1243447712784367
2017-01-24,1.1315302949496557
2017-01-25,1.1412824974578883
2017-01-26,1.140088825615607
2017-01-27,1.1382976743419664
2017-01-30,1.1312161269638696
2017-01-31,1.1311169799562846
2017-02-01,1.1315643402605373
2017-02-02,1.1323094072272981
2017-02-03,1.1400878027938257
2017-02-06,1.1380476782677003
2017-02-07,1.1380974214891495
2017-02-08,1.139587816149855
2017-02-09,1.1463285310033016
2017-02-10,1.1508434027788885
2017-02-13,1.157089944960956
2017-02-14,1.1617038044588084
2017-02-15,1.1677521865983436
2017-02-16,1.1667575485525983
2017-02-17,1.1685955662186525
2017-02-21,1.175534242405857
2017-02-22,1.1744897556206593
2017-02-23,1.1752849818243414
2017-02-24,1.1767751113429386
2017-02-27,1.1786126693085457
2017-02-28,1.1754274396642541
2017-03-01,1.1917662157578897
2017-03-02,1.1842374359305923
2017-03-03,1.184982778732233
2017-03-06,1.1814486513732128
2017-03-07,1.1779146987277098
2017-03-08,1.1757257752043104
2017-03-09,1.1772155340827286
2017-03-10,1.181334033806131
2017-03-13,1.1819299863881216
2017-03-14,1.1773984541460132
2017-03-15,1.1875431693844316
2017-03-16,1.1852052496832735
2017-03-17,1.1831219464245137
2017-03-20,1.181823439788127
2017-03-21,1.1665510756799626
2017-03-22,1.1692932696180527
2017-03-23,1.1680444747420067
2017-03-24,1.1671959414911706
2017-03-27,1.1659972738652742
2017-03-28,1.1744515809940093
2017-03-29,1.1755487674497345
2017-03-30,1.1792860554712539
2017-03-31,1.1765378828562254
2017-04-03,1.174489895587706
2017-04-04,1.1752383145675545
2017-04-05,1.1717394060683646
2017-04-06,1.1750289663107418
2017-04-07,1.1738303567315105
2017-04-10,1.1745289010815954
2017-04-11,1.1731305647788637
2017-04-12,1.1679786897856677
2017-04-13,1.1603679850766788
2017-04-17,1.1706034616167234
2017-04-18,1.167104985549656
2017-04-19,1.1649573649814982
2017-04-20,1.1744006169410564
2017-04-21,1.1706519707977747
2017-04-24,1.183456619910643
2017-04-25,1.1903225829197575
2017-04-26,1.1895737524079926
2017-04-27,1.1905711994090726
2017-04-28,1.1879737101660484
2017-05-01,1.190963879784743
2017-05-02,1.191412879756361
2017-05-03,1.1899652308212152
2017-05-04,1.1913612047606656
2017-05-05,1.1960425629673361
2017-05-08,1.1958430807645504
2017-05-09,1.1947448630406357
2017-05-10,1.1968883900741114
2017-05-11,1.1944407648797668
2017-05-12,1.1924432291762719
2017-05-15,1.1990116984561223
2017-05-16,1.1979135047416263
2017-05-17,1.1764666590048771
2017-05-18,1.1811965152915787
2017-05-19,1.18885451056657
2017-05-22,1.194875468726536
2017-05-23,1.1975165474248481
2017-05-24,1.2003070044483806
2017-05-25,1.2060301139147032
2017-05-26,1.2057805334523832
2017-05-30,1.204732767102781
2017-05-31,1.204433212189761
2017-06-01,1.2139733660873473
2017-06-02,1.2180072770243255
2017-06-05,1.2171091222763064
2017-06-06,1.2132117404082303
2017-06-07,1.2154548653173674
2017-06-08,1.216052943861842
2017-06-09,1.214205946617338
2017-06-12,1.2139564647526613
2017-06-13,1.219878116660117
2017-06-14,1.2183308911408708
2017-06-15,1.2159840693550095
2017-06-16,1.2162497691496554
2017-06-19,1.2263333140706898
2017-06-20,1.2180347397062026
2017-06-21,1.217733914388977
2017-06-22,1.2171825186726124
2017-06-23,1.2186351996596088
2017-06-26,1.219436862967213
2017-06-27,1.2095730813754828
2017-06-28,1.2203512705728954
2017-06-29,1.2095780126667353
2017-06-30,1.2118310481488048
2017-07-03,1.213884284516338
2017-07-05,1.2166875542785898
2017-07-06,1.2055107055531333
2017-07-07,1.2133032204109135
2017-07-10,1.2146052650334327
2017-07-11,1.213702903908452
2017-07-12,1.2227895673045068
2017-07-13,1.2248424483895282
2017-07-14,1.2305418013719485
2017-07-17,1.2303914315789486
2017-07-18,1.231042995677174
2017-07-19,1.237689700405816
2017-07-20,1.2382410657357144
2017-07-21,1.237138033443781
2017-07-24,1.236837367272965
2017-07-25,1.2398403630794816
2017-07-26,1.239890133322688
2017-07-27,1.2387375501441629
2017-07-28,1.2372832379146517
2017-07-31,1.236581369567838
2017-08-01,1.239334598808984
2017-08-02,1.2399357952071945
2017-08-03,1.2375280032196132
2017-08-04,1.2397809583175246
2017-08-07,1.2420841140325671
2017-08-08,1.239023270855124
2017-08-09,1.2389734122046199
2017-08-10,1.2213602610700864
2017-08-11,1.2231624972160435
2017-08-14,1.2352283460372873
2017-08-15,1.2350779166009422
2017-08-16,1.237230816094994
2017-08-17,1.2177892535427006
2017-08-18,1.2158843052710524
2017-08-21,1.216835574461557
2017-08-22,1.2294940073089897
2017-08-23,1.2250776312285592
2017-08-24,1.2222191124834143
2017-08-25,1.2250709613415185
2017-08-28,1.2251210617156543
2017-08-29,1.2265230114370784
2017-08-30,1.232320005130783
2017-08-31,1.2397115818686049
2017-09-01,1.2414634055087563
2017-09-05,1.2325151112882389
2017-09-06,1.2367151815150532
2017-09-07,1.2365648775946427
2017-09-08,1.2351116092367724
2017-09-11,1.2482155093306824
2017-09-12,1.2524156679631713
2017-09-13,1.2530166654764165
2017-09-14,1.2526159272604092
2017-09-15,1.2543008948828656
2017-09-18,1.256965973046705
2017-09-19,1.2582235452227544
2017-09-20,1.258676666401517
2017-09-21,1.2552993403215142
2017-09-22,1.2555512673777867
2017-09-25,1.2529814563469772
2017-09-26,1.2537364754454636
2017-09-27,1.2586095690005616
2017-09-28,1.2601186237477482
2017-09-29,1.264539937061137
2017-10-02,1.2700147455508657
2017-10-03,1.272729586206176
2017-10-04,1.274238796835522
2017-10-05,1.2817663464843194
2017-10-06,1.2803061377692868
2017-10-09,1.2781902470231867
2017-10-10,1.2815583421896746
2017-10-11,1.2835698418536103
2017-10-12,1.2816558710397936
2017-10-13,1.2832152546659827
2017-10-16,1.284925244151964
2017-10-17,1.2858310155379518
2017-10-18,1.2870888735913917
2017-10-19,1.2874407735027096
2017-10-20,1.2940675667304689
2017-10-23,1.2890246241437346
2017-10-24,1.2912875102524541
2017-10-25,1.2848796670687388
2017-10-26,1.2865397450475706
2017-10-27,1.297015821686855
2017-10-30,1.2921754345167895
2017-10-31,1.2941868727157768
2017-11-01,1.295896824802485
2017-11-02,1.2964001293174665
2017-11-03,1.3007211011632223
2017-11-06,1.3027324473425232
2017-11-07,1.3018262926243347
2017-11-08,1.304038705059358
2017-11-09,1.2992997810954359
2017-11-10,1.2988966724078044
2017-11-13,1.300103771495741
2017-11-14,1.2970811113813585
2017-11-15,1.29057235084306
2017-11-16,1.301497183989369
2017-11-17,1.2976669421042224
2017-11-20,1.2998792941887796
2017-11-21,1.3083564661951672
2017-11-22,1.3071983847008786
2017-11-24,1.31021407691888
2017-11-27,1.3095603105575162
2017-11-28,1.3227784677696377
2017-11-29,1.3219730193307395
2017-11-30,1.3334965841730853
2017-12-01,1.3307261607897634
2017-12-04,1.3291147566732358
2017-12-05,1.3243259789498558
2017-12-06,1.3245773029468377
2017-12-07,1.3287473142111705
2017-12-08,1.3359733846380768
2017-12-11,1.339992904333243
2017-12-12,1.3423553110818527
2017-12-13,1.3422045499578046
2017-12-14,1.336708751225668
2017-12-15,1.3477941786502663
2017-12-18,1.3563140008938948
2017-12-19,1.3510952470627233
2017-12-20,1.3503871647455943
2017-12-21,1.353165557070059
2017-12-22,1.3528113457766058
2017-12-26,1.351192293922144
2017-12-27,1.351849433824597
2017-12-28,1.354627820959373
2017-12-29,1.3495105226981712
2018-01-02,1.3591347995270058
2018-01-03,1.367704569980442
2018-01-04,1.373456664462543
2018-01-05,1.3825795806654977
2018-01-08,1.3851053264210302
2018-01-09,1.3882370070264303
2018-01-10,1.386111451991071
2018-01-11,1.3961881150503617
2018-01-12,1.4052599979110434
2018-01-16,1.4004486077251326
2018-01-17,1.4137335023890478
2018-01-18,1.4113559019189679
2018-01-19,1.417762548321387
2018-01-22,1.4292431082835066
2018-01-23,1.4322734064349232
2018-01-24,1.4317174063524654
2018-01-25,1.4323238400051372
2018-01-26,1.4488120779127658
2018-01-29,1.439174465165262
2018-01-30,1.4243367622451235
2018-01-31,1.4250441276885997
2018-02-01,1.4234252145362372
2018-02-02,1.3920953233894615
2018-02-05,1.3326217983490747
2018-02-06,1.3586219473508026
2018-02-07,1.3512318478019922
2018-02-08,1.299573687814286
2018-02-09,1.3189498636008556
2018-02-12,1.3381771029542107
2018-02-13,1.3415013104856761
2018-02-14,1.3594858069613314
2018-02-15,1.3767231697008222
2018-02-16,1.3771266970029665
2018-02-20,1.3684768291791745
2018-02-21,1.3616532732765205
2018-02-22,1.3634163781037965
2018-02-23,1.3849770954588272
2018-02-26,1.4009668618409163
2018-02-27,1.3833638278419804
2018-02-28,1.369278476236963
2018-03-01,1.349222347573072
2018-03-02,1.3561594866027964
2018-03-05,1.3717444386682023
2018-03-06,1.375217094171992
2018-03-07,1.374713053556933
2018-03-08,1.3813492652697594
2018-03-09,1.4051813329482736
2018-03-12,1.4034168166809742
2018-03-13,1.3943174138214114
2018-03-14,1.3871438212403537
2018-03-15,1.3856314455835235
2018-03-16,1.3871333470076557
2018-03-19,1.3682367435163432
2018-03-20,1.370561769125847
2018-03-21,1.3679285060603705
2018-03-22,1.3332995720991616
2018-03-23,1.3045735122862347
2018-03-26,1.3397860503146077
2018-03-27,1.3167978319076832
2018-03-28,1.312901190901904
2018-03-29,1.3295708876539605
2018-04-02,1.3005580804640575
2018-04-03,1.3171213756454938
2018-04-04,1.3311386531577412
2018-04-05,1.3416030283118652
2018-04-06,1.3113661853734808
2018-04-09,1.3178126974911137
2018-04-10,1.33860159110002
2018-04-11,1.3315659926803842
2018-04-12,1.3424759076923924
2018-04-13,1.3385325660743908
2018-04-16,1.34949279928972
2018-04-17,1.36385345152754
2018-04-18,1.3648623738171193
2018-04-19,1.3572701124461892
2018-04-20,1.3457121588360055
2018-04-23,1.3455104334314951
2018-04-24,1.327267092017015
2018-04-25,1.3305429968562223
2018-04-26,1.3440008765231215
2018-04-27,1.3452620420202706
2018-04-30,1.3348765492455976
2018-05-01,1.3372459792202236
2018-05-02,1.328232612054674
2018-05-03,1.3253026669696706
2018-05-04,1.3423505001947607
2018-05-07,1.346884166829481
2018-05-08,1.346884166829481
2018-05-09,1.3598406107034564
2018-05-10,1.3724970830945062
2018-05-11,1.3766782751727495
2018-05-14,1.3773342455122977
2018-05-15,1.3678158020709184
2018-05-16,1.3735551451178676
2018-05-17,1.372394484880833
2018-05-18,1.3689593528141066
2018-05-21,1.3792131596953092
2018-05-22,1.3753731586289537
2018-05-23,1.379152245958777
2018-05-24,1.3763241899424268
2018-05-25,1.3730407499821642
2018-05-29,1.35715806190395
2018-05-30,1.3751486598837535
2018-05-31,1.3666990696438008
2018-06-01,1.380051281425793
2018-06-04,1.3865929925906668
2018-06-05,1.3876016862237246
2018-06-06,1.3991543728918887
2018-06-07,1.3990031490598007
2018-06-08,1.4031332397286638
2018-06-11,1.404997963853815
2018-06-12,1.4068130102064504
2018-06-13,1.4023161086459728
2018-06-14,1.405842788488183
2018-06-15,1.4040478071798248
2018-06-18,1.4011567524391635
2018-06-19,1.3957762560815419
2018-06-20,1.3981553618269664
2018-06-21,1.3893631958003356
2018-06-22,1.3918940453408997
2018-06-25,1.3728162075618058
2018-06-26,1.375851928197785
2018-06-27,1.3644070745814745
2018-06-28,1.3721858734225558
2018-06-29,1.3741598009640872
2018-07-02,1.37709429965192
2018-07-03,1.3722231495057238
2018-07-05,1.3833724726050207
2018-07-06,1.3950241032710742
2018-07-09,1.4075288258883663
2018-07-10,1.412584777648487
2018-07-11,1.402214420527478
2018-07-12,1.4148693551224634
2018-07-13,1.4159833006865212
2018-07-16,1.4147165027040778
2018-07-17,1.4204282037347238
2018-07-18,1.4234127873876217
2018-07-19,1.4180345940932555
2018-07-20,1.4164127504697113
2018-07-23,1.4190444966311164
2018-07-24,1.426167341925446
2018-07-25,1.4382700752968025
2018-07-26,1.4348728194387628
2018-07-27,1.4251166474117243
2018-07-30,1.4176528174248566
2018-07-31,1.4246240265470687
2018-08-01,1.4222418800805248
2018-08-02,1.4299688850711387
2018-08-03,1.4360826468992678
2018-08-06,1.4413396066855957
2018-08-07,1.446091579442422
2018-08-08,1.4454838981099505
2018-08-09,1.443507977392009
2018-08-10,1.433803867618971
2018-08-13,1.428426321587547
2018-08-14,1.437511428913929
2018-08-15,1.4267368387835135
2018-08-16,1.4382347164243767
2018-08-17,1.4432885262158297
2018-08-20,1.4463741590671282
2018-08-21,1.4497622075340477
2018-08-22,1.4489013493119771
2018-08-23,1.4469763154355144
2018-08-24,1.4556585011290366
2018-08-27,1.4671066633682188
2018-08-28,1.4678149958085749
2018-08-29,1.4756919521857248
2018-08-30,1.4697051816324784
2018-08-31,1.4697564403606063
2018-09-04,1.467223033913055
2018-09-05,1.4632684807095893
2018-09-06,1.4588575036958702
2018-09-07,1.4560192692173004
2018-09-10,1.458548438895306
2018-09-11,1.46335006599271
2018-09-12,1.4637045190784177
2018-09-13,1.4723360390789089
2018-09-14,1.472589199705673
2018-09-17,1.4647719540802306
2018-09-18,1.4726987627243373
2018-09-19,1.4742673711473486
2018-09-20,1.4861665942245408
2018-09-21,1.484807812059831
2018-09-24,1.4798674254031212
2018-09-25,1.4784936209451232
2018-09-26,1.4740620319659363
2018-09-27,1.4781757670569762
2018-09-28,1.4783284853286387
2018-10-01,1.4834558417384158
2018-10-02,1.4825910095021715
2018-10-03,1.4834042854693608
2018-10-04,1.4717645664250583
2018-10-05,1.463504187129857
2018-10-08,1.463504187129857
2018-10-09,1.4613669905067928
2018-10-10,1.414347418177279
2018-10-11,1.3828458701288597
2018-10-12,1.4019190925946474
2018-10-15,1.3940222495136552
2018-10-16,1.424175242157817
2018-10-17,1.4244292916329389
2018-10-18,1.4037092164040845
2018-10-19,1.4029470469067284
2018-10-22,1.3966353476354296
2018-10-23,1.3895071901721174
2018-10-24,1.3467564087698478
2018-10-25,1.3707038152962239
2018-10-26,1.3463821319779739
2018-10-29,1.3389019822341988
2018-10-30,1.3585973451512223
2018-10-31,1.3730306862447477
2018-11-01,1.387565397015649
2018-11-02,1.3793223996755377
2018-11-05,1.3869110379732572
2018-11-06,1.39565957381849
2018-11-07,1.425224249072646
2018-11-08,1.4226348243305862
2018-11-09,1.4086698606073265
2018-11-12,1.3820997829547241
2018-11-13,1.3795108816272077
2018-11-14,1.3700479940645012
2018-11-15,1.3842720856307498
2018-11-16,1.3878671700613805
2018-11-19,1.3641913285412315
2018-11-20,1.3387089453436316
2018-11-21,1.3432629515842576
2018-11-23,1.3342616201201742
2018-11-26,1.3556301431908286
2018-11-27,1.36018362608022
2018-11-28,1.39114654201625
2018-11-29,1.388104340841318
2018-11-30,1.3965394044225097
2018-12-03,1.4149101237382529
2018-12-04,1.3683041432155707
2018-12-06,1.366226984526294
2018-12-07,1.334106504635789
2018-12-10,1.3366349190748765
2018-12-11,1.3369386742002738
2018-12-12,1.3436538524929578
2018-12-13,1.343198397193887
2018-12-14,1.318164597653629
2018-12-17,1.292047287417652
2018-12-18,1.2906295457415617
2018-12-19,1.2711553417549724
2018-12-20,1.250293394333066
2018-12-21,1.2244094918868043
2018-12-24,1.1916219293738908
2018-12-26,1.250356785447646
2018-12-27,1.2599196595410123
2018-12-28,1.2582932439780266
2018-12-31,1.2692662104062367
2019-01-02,1.2705861578666824
2019-01-03,1.2398986330342718
2019-01-04,1.280749817347662
2019-01-07,1.2908082905884792
2019-01-08,1.3028792804165659
2019-01-09,1.3089541022475695
2019-01-10,1.3135633786380971
2019-01-11,1.3140707105941025
2019-01-14,1.3060289670753187
2019-01-15,1.3209122277074208
2019-01-16,1.3241049597110044
2019-01-17,1.3341124029562819
2019-01-18,1.3517524224360158
2019-01-22,1.3333648966103946
2019-01-23,1.3361520240300704
2019-01-24,1.3368621803713892
2019-01-25,1.3481259472053502
2019-01-28,1.3378409562625349
2019-01-29,1.3360644144223102
2019-01-30,1.3570499076603229
2019-01-31,1.3689157658179887
2019-02-01,1.3695754003049914
2019-02-04,1.3791768562562554
2019-02-05,1.3849459515227618
2019-02-06,1.3831189971755187
2019-02-07,1.369871114936832
2019-02-08,1.3715432272302528
2019-02-11,1.3723034454949543
2019-02-12,1.3898382959360598
2019-02-13,1.3943434912364578
2019-02-14,1.3912467645198867
2019-02-15,1.406325873905852
2019-02-19,1.4087576574355023
2019-02-20,1.411593775564187
2019-02-21,1.4065655922411446
2019-02-22,1.4152592646558428
2019-02-25,1.417184138740912
2019-02-26,1.4161701356721819
2019-02-27,1.4155621290079772
2019-02-28,1.4129229745700227
2019-03-01,1.4217174766151761
2019-03-04,1.416536720105696
2019-03-05,1.4146086819779295
2019-03-06,1.4060144461680049
2019-03-07,1.3942031645188635
2019-03-08,1.3914120879202427
2019-03-11,1.4114437789077436
2019-03-12,1.4167566257043913
2019-03-13,1.426103515565505
2019-03-14,1.4251905372505362
2019-03-15,1.432214640448602
2019-03-18,1.4373982516434574
2019-03-19,1.4377542792669844
2019-03-20,1.4334206797076188
2019-03-21,1.4495191582086258
2019-03-22,1.4213500456680974
2019-03-25,1.42028042188458
2019-03-26,1.4308282165087174
2019-03-27,1.4233268951481197
2019-03-28,1.4287119062034954
2019-03-29,1.4376921052876073
2019-04-01,1.4546419210425183
2019-04-02,1.455354121181395
2019-04-03,1.457641767536428
2019-04-04,1.4615050353164127
2019-04-05,1.4685619332179787
2019-04-08,1.4696814220725607
2019-04-09,1.462129506531444
2019-04-10,1.4671085169854419
2019-04-11,1.4667010863602297
2019-04-12,1.4765913176224392
2019-04-15,1.4756243002193847
2019-04-16,1.476590684324216
2019-04-17,1.4729738244687796
2019-04-18,1.4758715775995084
2019-04-22,1.4771430336954918
2019-04-23,1.4903654382330247
2019-04-24,1.4870539325586591
2019-04-25,1.4861381066768673
2019-04-26,1.49304263728527
2019-04-29,1.4953812622450373
2019-04-30,1.4961444672645563
2019-05-01,1.4848564609163761
2019-05-02,1.4816468416129092
2019-05-03,1.49607842394492
2019-05-06,1.4899087477174282
2019-05-07,1.464818191187077
2019-05-08,1.4627819108802582
2019-05-09,1.4583489834839338
2019-05-10,1.465656257935423
2019-05-13,1.4283534820569737
2019-05-14,1.4412128494479988
2019-05-15,1.44963031271555
2019-05-16,1.4629935143098027
2019-05-17,1.453504837194872
2019-05-20,1.443862097622149
2019-05-21,1.4568212406659873
2019-05-22,1.452340264594976
2019-05-23,1.4344849818340968
2019-05-24,1.4377350585066966
2019-05-28,1.4243008641995512
2019-05-29,1.4147101960137172
2019-05-30,1.4185687485984477
2019-05-31,1.3993235916596476
2019-06-03,1.395760340582043
2019-06-04,1.4257341964073205
2019-06-05,1.438030457977393
2019-06-06,1.4473512718075903
2019-06-07,1.461762878365339
2019-06-10,1.4684554331281146
2019-06-11,1.468099471349943
2019-06-12,1.4655055472873173
2019-06-13,1.4715406382136273
2019-06-14,1.469913625478932
2019-06-17,1.4704723994506708
2019-06-18,1.4857898836045318
2019-06-19,1.4891397168472713
2019-06-20,1.503300114211148
2019-06-21,1.5011127282634316
2019-06-24,1.4992741780137495
2019-06-25,1.484496741382029
2019-06-26,1.4830152121863922
2019-06-27,1.4882647946620529
2019-06-28,1.4959033657010439
2019-07-01,1.50942255847808
2019-07-02,1.5133480646063808
2019-07-03,1.5253996367151417
2019-07-05,1.5236628622778712
2019-07-08,1.515267527240408
2019-07-09,1.5171558711381248
2019-07-10,1.5243867764084618
2019-07-11,1.5279564619135435
2019-07-12,1.5347817332295235
2019-07-15,1.5352922432215839
2019-07-16,1.5303325627133264
2019-07-17,1.5198825557557107
2019-07-18,1.5254370699583655
2019-07-19,1.516939096389362
2019-07-22,1.520661235377647
2019-07-23,1.531495652311583
2019-07-24,1.5386757017821415
2019-07-25,1.5313080296733286
2019-07-26,1.541533474773774
2019-07-29,1.5387235029923814
2019-07-30,1.534941579484537
2019-07-31,1.5180565247777018
2019-08-01,1.5047792536099913
2019-08-02,1.4934063890027203
2019-08-05,1.4478054344662945
2019-08-06,1.4679673363130048
2019-08-07,1.4688341339898245
2019-08-08,1.4973731389719425
2019-08-09,1.4871389239646542
2019-08-12,1.4689249688567176
2019-08-13,1.491592954098774
2019-08-14,1.4468254575452024
2019-08-15,1.450642554883026
2019-08-16,1.4718900793009926
2019-08-19,1.4895173186158706
2019-08-20,1.478059615473093
2019-08-21,1.4900360234891696
2019-08-22,1.4895771013493395
2019-08-23,1.4508139122384505
2019-08-26,1.4667688895423552
2019-08-27,1.4610031375711923
2019-08-28,1.471254978405321
2019-08-29,1.4899282387646227
2019-08-30,1.489266045814525
2019-09-03,1.4805326033304547
2019-09-04,1.497242118631151
2019-09-05,1.5163676115319782
2019-09-06,1.5175380205793343
2019-09-09,1.5183012113046574
2019-09-10,1.5179449243049
2019-09-11,1.5287008031113454
2019-09-12,1.533986520559079
2019-09-13,1.5329676895865907
2019-09-16,1.528225666240434
2019-09-17,1.5320904833745577
2019-09-18,1.5330064029314543
2019-09-19,1.5329041085787078
2019-09-20,1.5256447139069487
2019-09-23,1.5252865725127287
2019-09-24,1.5132707822161993
2019-09-25,1.5221950882596267
2019-09-26,1.5190206105175272
2019-09-27,1.5108155520954842
2019-09-30,1.5178058333974984
2019-10-01,1.4996444089224499
2019-10-02,1.4729164619236483
2019-10-03,1.4849346151795844
2019-10-04,1.5048938796239033
2019-10-07,1.4983864657858041
2019-10-08,1.4749425825844635
2019-10-09,1.4888831354438152
2019-10-10,1.4989195771863317
2019-10-11,1.51437782273142
2019-10-14,1.512690852064601
2019-10-15,1.527593498694027
2019-10-16,1.525138201093295
2019-10-17,1.529628859043367
2019-10-18,1.5229190467116196
2019-10-21,1.5332079204094824
2019-10-22,1.5281915578136283
2019-10-23,1.532631338638582
2019-10-24,1.5351336934847637
2019-10-25,1.5414066777092184
2019-10-28,1.5500708931676717
2019-10-29,1.5496104665609356
2019-10-30,1.5543565977944103
2019-10-31,1.5502111013041404
2019-11-01,1.5645061078712872
2019-11-04,1.5707790346873847
2019-11-05,1.5690404796574153
2019-11-06,1.5693989085078976
2019-11-07,1.574907928238092
2019-11-08,1.5787876213900771
2019-11-11,1.575769232032841
2019-11-12,1.5790871571461147
2019-11-13,1.5795985842112457
2019-11-14,1.581895816504944
2019-11-15,1.5933025039909914
2019-11-18,1.5944767437269474
2019-11-19,1.594017385486786
2019-11-20,1.588078219398423
2019-11-21,1.5855212508095304
2019-11-22,1.5890428548108348
2019-11-25,1.6013111049792876
2019-11-26,1.6049349391533083
2019-11-27,1.612073384620141
2019-11-29,1.6060834567517324
2019-12-02,1.592381735613347
2019-12-03,1.5816660819458865
2019-12-04,1.5913960345934364
2019-12-05,1.5942542521632255
2019-12-06,1.6087506536095642
2019-12-09,1.603684413839572
2019-12-10,1.6018948722688453
2019-12-11,1.6064361211079534
2019-12-12,1.62022297684647
2019-12-13,1.6211927443676644
2019-12-16,1.6322923027447136
2019-12-17,1.6326501190551248
2019-12-18,1.6327517774592242
2019-12-19,1.6394312693962712
2019-12-20,1.6466032100668304
2019-12-23,1.6491169441620552
2019-12-24,1.6491684531712814
2019-12-26,1.6579237695556177
2019-12-27,1.657512835889295
2019-12-30,1.648349706168631
2019-12-31,1.6523487290298957
2020-01-02,1.6677295348691223
2020-01-03,1.6550530071078275
2020-01-06,1.661355130889989
2020-01-07,1.6566776610025613
2020-01-08,1.6654831353120552
2020-01-09,1.6767379752098284
2020-01-10,1.6719058121457955
2020-01-13,1.6833649397082273
2020-01-14,1.6807966227095021
2020-01-15,1.6845907951446528
2020-01-16,1.6985458585450326
2020-01-17,1.7038250051682218
2020-01-21,1.70048470815968
2020-01-22,1.70069017885179
2020-01-23,1.7026390267966256
2020-01-24,1.6874296326760225
2020-01-27,1.660162628639966
2020-01-28,1.6774687153547472
2020-01-29,1.6760825932872134
2020-01-30,1.6815135179147025
2020-01-31,1.650700011682749
2020-02-03,1.6629170463910392
2020-02-04,1.6880706191913117
2020-02-05,1.7074530814046114
2020-02-06,1.7131883711033193
2020-02-07,1.7040338067561775
2020-02-10,1.7167074713209278
2020-02-11,1.7196801550794785
2020-02-12,1.7307240725983963
2020-02-13,1.7288760103429448
2020-02-14,1.7316438114904729
2020-02-18,1.7271756946209715
2020-02-19,1.7354142270961659
2020-02-20,1.7282702021684402
2020-02-21,1.7103791744685615
2020-02-24,1.6526918946591045
2020-02-25,1.6018374733953924
2020-02-26,1.5959349430434953
2020-02-27,1.5225991150664788
2020-02-28,1.5161884672774333
2020-03-02,1.5804674904752192
2020-03-03,1.5345536164307176
2020-03-04,1.5977369410220286
2020-03-05,1.543722613744751
2020-03-06,1.517989544354214
2020-03-09,1.3945585881914564
2020-03-10,1.46491510010795
2020-03-11,1.391703078883094
2020-03-12,1.2517410836845502
2020-03-13,1.3544189274451892
2020-03-16,1.1974601361674697
2020-03-17,1.2604284894164015
2020-03-18,1.1949371478795192
2020-03-19,1.1974733155371857
2020-03-20,1.144724483673081
2020-03-23,1.1150751397174354
2020-03-24,1.211786740442055
2020-03-25,1.2297931260462263
2020-03-26,1.299582272362762
2020-03-27,1.2602850090524915
2020-03-30,1.3005632422726974
2020-03-31,1.2810319056459771
2020-04-01,1.222041569201605
2020-04-02,1.2499201073742168
2020-04-03,1.2317218435122965
2020-04-06,1.3117916105777663
2020-04-07,1.3131285299159559
2020-04-08,1.3564846597477513
2020-04-09,1.3769714791433023
2020-04-13,1.3643416709168585
2020-04-14,1.4039979375342055
2020-04-15,1.3738442255900427
2020-04-16,1.3804559027921839
2020-04-17,1.417255086443916
2020-04-20,1.3920630853871614
2020-04-21,1.3491405751905485
2020-04-22,1.378756472934501
2020-04-23,1.3786579203178608
2020-04-24,1.3977419715270945
2020-04-27,1.417750909962506
2020-04-28,1.4112169801512158
2020-04-29,1.4476849202558215
2020-04-30,1.4341430590321165
2020-05-01,1.3956645655615314
2020-05-04,1.399508795597555
2020-05-05,1.4123800834202604
2020-05-06,1.4027734929364475
2020-05-07,1.4195986130246525
2020-05-08,1.4428957228699342
2020-05-11,1.4431919539701665
2020-05-12,1.4141364444024966
2020-05-13,1.3889023568935523
2020-05-14,1.405424625935626
2020-05-15,1.411870664270157
2020-05-18,1.4542336610248359
2020-05-19,1.439219866289366
2020-05-20,1.4634642219567844
2020-05-21,1.4533254924660768
2020-05-22,1.456083138863919
2020-05-26,1.473912862903828
2020-05-27,1.4956818404165937
2020-05-28,1.4929195351728455
2020-05-29,1.4995568416631226
2020-06-01,1.5056060248621401
2020-06-02,1.5180214477077856
2020-06-03,1.5380901339294026
2020-06-04,1.534044782771749
2020-06-05,1.5728663349129786
2020-06-08,1.5917637790593644
2020-06-09,1.5798506875469025
2020-06-10,1.5710105074003018
2020-06-11,1.4777278616270522
2020-06-12,1.495319655051197
2020-06-15,1.509214321363905
2020-06-16,1.5379868097694236
2020-06-17,1.53158494049352
2020-06-18,1.5321746598527495
2020-06-19,1.5233929664278563
2020-06-22,1.533135083234689
2020-06-23,1.5401772064203363
2020-06-24,1.5003790630594402
2020-06-25,1.5163785324354486
2020-06-26,1.4799278411645311
2020-06-29,1.5015207015306509
2020-06-30,1.520632313416013
2020-07-01,1.5312468254188607
2020-07-02,1.5396563280544924
2020-07-06,1.5632427013391361
2020-07-07,1.5470363780346164
2020-07-08,1.558824108044941
2020-07-09,1.5499240366031046
2020-07-10,1.5656695752799474
2020-07-13,1.5520534509307522
2020-07-14,1.5720375055224307
2020-07-15,1.5864136546294076
2020-07-16,1.5811808136130694
2020-07-17,1.5857578301221567
2020-07-20,1.5985218386184177
2020-07-21,1.6019193673891263
2020-07-22,1.6110115087970216
2020-07-23,1.591674015217028
2020-07-24,1.5813895809360328
2020-07-27,1.5928801815045277
2020-07-28,1.5827450022122531
2020-07-29,1.6020924338745757
2020-07-30,1.5963658620454488
2020-07-31,1.608930963335291
2020-08-03,1.6200779224824102
2020-08-04,1.626323687753798
2020-08-05,1.6363930012502736
2020-08-06,1.6472955858903944
2020-08-07,1.6484775801802278
2020-08-10,1.6533977262863857
2020-08-11,1.6396927891896464
2020-08-12,1.6623959110539581
2020-08-13,1.659388133490261
2020-08-14,1.6594372185844892
2020-08-17,1.6647000999871095
2020-08-18,1.668292868770035
2020-08-19,1.6613318048558916
2020-08-20,1.6664965878927585
2020-08-21,1.6723976163178356
2020-08-24,1.689259071842234
2020-08-25,1.6951602284249323
2020-08-26,1.7120706274548465
2020-08-27,1.7158099665017434
2020-08-28,1.726857337853031
2020-08-31,1.7205906146947976
2020-09-01,1.7367199861136327
2020-09-02,1.7616600230839314
2020-09-03,1.699965910734862
2020-09-04,1.6860293650909046
2020-09-08,1.6393212722454438
2020-09-09,1.6713778712817444
2020-09-10,1.6421014153839575
2020-09-11,1.6429373024603833
2020-09-14,1.6644356526483786
2020-09-15,1.6728237666187804
2020-09-16,1.6661718940039738
2020-09-17,1.6514527716596008
2020-09-18,1.63232980608942
2020-09-21,1.6140611922249286
2020-09-22,1.6304160142740511
2020-09-23,1.592159619672792
2020-09-24,1.5963976664605926
2020-09-25,1.6220003180387215
2020-09-28,1.648719720978468
2020-09-29,1.6397159401605295
2020-09-30,1.6521010374822507
2020-10-01,1.662673819016236
2020-10-02,1.646812541623491
2020-10-05,1.6757594028272107
2020-10-06,1.6517655800565698
2020-10-07,1.6802704362769283
2020-10-08,1.6950965091219075
2020-10-09,1.7101665316215773
2020-10-12,1.7374596118896175
2020-10-13,1.726084217870049
2020-10-14,1.7152041370626607
2020-10-15,1.7130832310518798
2020-10-16,1.7120476629362797
2020-10-19,1.6858183334599663
2020-10-20,1.6925583837767029
2020-10-21,1.6893508548648204
2020-10-22,1.69859223219705
2020-10-23,1.7043494873012701
2020-10-26,1.672558346324777
2020-10-27,1.66678273332635
2020-10-28,1.6088176426888594
2020-10-29,1.625086344894903
2020-10-30,1.6080558691474578
2020-11-02,1.6259794140871717
2020-11-03,1.6544372438731971
2020-11-04,1.6910051494733946
2020-11-05,1.7236673398604445
2020-11-06,1.7232735260929146
2020-11-09,1.744792517014763
2020-11-10,1.742232062998362
2020-11-11,1.7551266540821937
2020-11-12,1.7380173620868327
2020-11-13,1.7619139924681941
2020-11-16,1.7837710990194249
2020-11-17,1.774151340812196
2020-11-18,1.7526700933553034
2020-11-19,1.7600337228846537
2020-11-20,1.7479399181319837
2020-11-23,1.7583868070870672
2020-11-24,1.7864950209512964
2020-11-25,1.783738135593552
2020-11-27,1.7886991678090904
2020-11-30,1.7807630400787304
2020-12-01,1.8001338026818736
2020-12-02,1.8039171985580946
2020-12-03,1.8034250467638522
2020-12-04,1.818899670174731
2020-12-07,1.8151583662501567
2020-12-08,1.82046170884398
2020-12-09,1.8040608545606607
2020-12-10,1.803470305827386
2020-12-11,1.8013546433880367
2020-12-14,1.793271846669272
2020-12-15,1.817353181089784
2020-12-16,1.8202027459763044
2020-12-17,1.8303532786059653
2020-12-18,1.823030291086265
2020-12-21,1.816500371377298
2020-12-22,1.8134361233761747
2020-12-23,1.8150650989546766
2020-12-24,1.8221127657788037
2020-12-28,1.8376993566759552
2020-12-29,1.834189715533786
2020-12-30,1.8368050847007533
2020-12-31,1.846113992487607
2021-01-04,1.820808308108117
2021-01-05,1.8333058501512995
2021-01-06,1.8442337857131244
2021-01-07,1.8714326887193011
2021-01-08,1.882065401205436
2021-01-11,1.869335556232655
2021-01-12,1.8697307271320196
2021-01-13,1.8747588699749396
2021-01-14,1.8681821558646265
2021-01-15,1.8545083638072344
2021-01-19,1.8690128537694308
2021-01-20,1.8947003951049615
2021-01-21,1.8964266813719477
2021-01-22,1.8897025361030042
2021-01-25,1.8971411126042808
2021-01-26,1.8941765854173536
2021-01-27,1.8473075056457637
2021-01-28,1.8631261869510234
2021-01-29,1.8254488550783095
2021-02-01,1.8555841331596423
2021-02-02,1.881639117232698
2021-02-03,1.8831181536108645
2021-02-04,1.9044002724765767
2021-02-05,1.91188095864796
2021-02-08,1.9256393675225025
2021-02-09,1.92435630186169
2021-02-10,1.923517804186802
2021-02-11,1.9266217121989269
2021-02-12,1.93611578810601
2021-02-16,1.9344386147569745
2021-02-17,1.934882239561923
2021-02-18,1.926629254586509
2021-02-19,1.9232243377832599
2021-02-22,1.9083743831432538
2021-02-23,1.9106901589882241
2021-02-24,1.9316294894494235
2021-02-25,1.88451550168739
2021-02-26,1.8747805783161477
2021-03-01,1.9196831992149754
2021-03-02,1.9046446811594038
2021-03-03,1.879248300778526
2021-03-04,1.855847415870044
2021-03-05,1.889678822771784
2021-03-08,1.8802468291541568
2021-03-09,1.9069020887732744
2021-03-10,1.9187349078018634
2021-03-11,1.9380913667007287
2021-03-12,1.9406996890592731
2021-03-15,1.9522390419723694
2021-03-16,1.9497752165853597
2021-03-17,1.9564125619678565
2021-03-18,1.927738076334364
2021-03-19,1.924167842854684
2021-03-22,1.9394712941541843
2021-03-23,1.9241456741661667
2021-03-24,1.9143390330055314
2021-03-25,1.9250782751742133
2021-03-26,1.95585334913847
2021-03-29,1.9548657043869309
2021-03-30,1.9496721857528165
2021-03-31,1.9575590274498795
2021-04-01,1.9785856303949445
2021-04-05,2.0067826125806407
2021-04-06,2.005596948902187
2021-04-07,2.0079166320712702
2021-04-08,2.0174257012512387
2021-04-09,2.032039442057184
2021-04-12,2.0327799398000335
2021-04-13,2.0387956099045077
2021-04-14,2.031821073551679
2021-04-15,2.053531587676115
2021-04-16,2.060383615768123
2021-04-19,2.050236303493631
2021-04-20,2.0351698598773305
2021-04-21,2.0543361818356605
2021-04-22,2.0354873260218125
2021-04-23,2.0574385018953727
2021-04-26,2.0617290429818103
2021-04-27,2.0612849541980798
2021-04-28,2.0606920678748284
2021-04-29,2.0737825598178232
2021-04-30,2.060112087971607
2021-05-03,2.0645510442906474
2021-05-04,2.051773967563899
2021-05-05,2.0524158942192194
2021-05-06,2.0687405633605187
2021-05-07,2.08374217133955
2021-05-10,2.0630052820743794
2021-05-11,2.0445107151556616
2021-05-12,2.000606869421033
2021-05-13,2.024495643113034
2021-05-14,2.05534619705875
2021-05-17,2.050109996965102
2021-05-18,2.032370211968349
2021-05-19,2.0270346257201917
2021-05-20,2.0487250960660823
2021-05-21,2.0470470477867164
2021-05-24,2.067809465871548
2021-05-25,2.0632167168647118
2021-05-26,2.067307220429166
2021-05-27,2.0683917095924844
2021-05-28,2.0720884934737116
2021-06-01,2.0702624210890015
2021-06-02,2.0735157758868943
2021-06-03,2.065805777740522
2021-06-04,2.084613501436865
2021-06-07,2.082589961190523
2021-06-08,2.0830339015974118
2021-06-09,2.0799236667454006
2021-06-10,2.0895694151997066
2021-06-11,2.0930201342100996
2021-06-14,2.0977006794427284
2021-06-15,2.093849633134499
2021-06-16,2.082126200416244
2021-06-17,2.0814356743250397
2021-06-18,2.0531654218844206
2021-06-21,2.0823498316529534
2021-06-22,2.0934528322869355
2021-06-23,2.090927995716062
2021-06-24,2.103260930108497
2021-06-25,2.1107187545992843
2021-06-28,2.11496942563775
2021-06-29,2.116107233535667
2021-06-30,2.1178877131415415
2021-07-01,2.1295809934527656
2021-07-02,2.1457967657260197
2021-07-06,2.1418845139062292
2021-07-07,2.1494412018422095
2021-07-08,2.1318555967718464
2021-07-09,2.154491800495282
2021-07-12,2.162195255876887
2021-07-13,2.154811981477513
2021-07-14,2.1580246648979067
2021-07-15,2.150641417538143
2021-07-16,2.133706288789169
2021-07-19,2.101960726681725
2021-07-20,2.131868952861502
2021-07-21,2.1490599122170906
2021-07-22,2.153555685038469
2021-07-23,2.1755984227222087
2021-07-26,2.18093230424072
2021-07-27,2.1709699398721902
2021-07-28,2.1700795919493197
2021-07-29,2.1790608492515284
2021-07-30,2.16845266914511
2021-08-02,2.1638983021806775
2021-08-03,2.181431637228783
2021-08-04,2.1706752223642387
2021-08-05,2.1843778909911613
2021-08-06,2.1879844454619786
2021-08-09,2.1862038678000406
2021-08-10,2.188921619100469
2021-08-11,2.1943543886990837
2021-08-12,2.200920690719623
2021-08-13,2.204922404529599
2021-08-16,2.2101082585924012
2021-08-17,2.195572818107579
2021-08-18,2.171409805822758
2021-08-19,2.174769059854359
2021-08-20,2.192005597394315
2021-08-23,2.2112032182529475
2021-08-24,2.214710534501992
2021-08-25,2.2193531679281615
2021-08-26,2.2062132674311616
2021-08-27,2.2258505665371193
2021-08-30,2.2356179939660046
2021-08-31,2.2323030084261153
2021-09-01,2.2334891932197483
2021-09-02,2.2403500306716424
2021-09-03,2.2398060483393545
2021-09-07,2.2317833403031595
2021-09-08,2.2290629172730747
2021-09-09,2.2195015434168
2021-09-10,2.2019324858211293
2021-09-13,2.207560545441355
2021-09-14,2.1956150997760937
2021-09-15,2.2138784140274512
2021-09-16,2.2103656691245304
2021-09-17,2.1887289964378795
2021-09-20,2.1519259492544984
2021-09-21,2.149892323450202
2021-09-22,2.1707624419651816
2021-09-23,2.1969782248459024
2021-09-24,2.2005940633192704
2021-09-27,2.1942894238401003
2021-09-28,2.1496189800101493
2021-09-29,2.1532334965388795
2021-09-30,2.126754353185899
2021-10-01,2.1518800169858237
2021-10-04,2.1239487355065836
2021-10-05,2.145934117099798
2021-10-06,2.1548339759195927
2021-10-07,2.173384255544066
2021-10-08,2.1694168975584986
2021-10-11,2.1536534838712447
2021-10-12,2.1483458445585253
2021-10-13,2.156060960795797
2021-10-14,2.1920257261081635
2021-10-15,2.2086566342757155
2021-10-18,2.2151853650212643
2021-10-19,2.2322099616071083
2021-10-20,2.2409599921931433
2021-10-21,2.246797670515006
2021-10-22,2.244468114371506
2021-10-25,2.256472818235092
2021-10-26,2.258502523124041
2021-10-27,2.2484747008961996
2021-10-28,2.2700658040417028
2021-10-29,2.274667598639955
2021-11-01,2.278577114853817
2021-11-02,2.2877711138210444
2021-11-03,2.301695995550849
2021-11-04,2.3125174036428877
2021-11-05,2.3205271453869614
2021-11-08,2.3225072838443515
2021-11-09,2.314817921686476
2021-11-10,2.2961201983783552
2021-11-11,2.2968626992095036
2021-11-12,2.3141317083873925
2021-11-15,2.3149242319732095
2021-11-16,2.324067964401519
2021-11-17,2.3184152756870233
2021-11-18,2.326276150733975
2021-11-19,2.3221127884316126
2021-11-22,2.315566321048741
2021-11-23,2.31863441935124
2021-11-24,2.324816804930311
2021-11-26,2.272379317381013
2021-11-29,2.300083897488417
2021-11-30,2.254888706315104
2021-12-01,2.2297031370895644
2021-12-02,2.2635950423469433
2021-12-03,2.2438124755471187
2021-12-06,2.2702306187982746
2021-12-07,2.3167110061951037
2021-12-08,2.3228372017685346
2021-12-09,2.307101135493432
2021-12-10,2.328717792407883
2021-12-13,2.3079968747940374
2021-12-14,2.2920628478659895
2021-12-15,2.327600022911027
2021-12-16,2.306982619907821
2021-12-17,2.2822982247290695
2021-12-20,2.257899787990414
2021-12-21,2.297645797179483
2021-12-22,2.3205051750246097
2021-12-23,2.334899047293923
2021-12-27,2.367710987004013
2021-12-28,2.3657753431746147
2021-12-29,2.3687998183440424
2021-12-30,2.3622420488226537
2021-12-31,2.356281207497922
2022-01-03,2.3698843916776773
2022-01-04,2.3690906354723777
2022-01-05,2.3231564078048934
2022-01-06,2.3209735331194423
2022-01-07,2.3117789479502884
2022-01-10,2.308900506015232
2022-01-11,2.329835549618403
2022-01-12,2.336125984515921
2022-01-13,2.303713135521909
2022-01-14,2.30465551619158
2022-01-18,2.2634751657451146
2022-01-19,2.2398496655122515
2022-01-20,2.214920534660363
2022-01-21,2.1710077338923295
2022-01-24,2.1802079781196273
2022-01-25,2.153425959413001
2022-01-26,2.148016694731361
2022-01-27,2.137383448169714
2022-01-28,2.1898178505483896
2022-01-31,2.2289079698279357
2022-02-01,2.2439178491307294
2022-02-02,2.2656101142349425
2022-02-03,2.2117213105073903
2022-02-04,2.222096610669189
2022-02-07,2.214954003234394
2022-02-08,2.233103792607287
2022-02-09,2.2655508060919836
2022-02-10,2.224478431846786
2022-02-11,2.180176665339232
2022-02-14,2.1730373287337983
2022-02-15,2.2078017128110767
2022-02-16,2.2102752303404647
2022-02-17,2.1625490425337057
2022-02-18,2.1485012208370424
2022-02-22,2.1253192352944756
2022-02-23,2.087280891813119
2022-02-24,2.118458295557286
2022-02-25,2.164691694364103
2022-02-28,2.1591462311161544
2022-03-01,2.1260091245427892
2022-03-02,2.16476396509239
2022-03-03,2.1539598811620286
2022-03-04,2.136388311622077
2022-03-07,2.0724622375630446
2022-03-08,2.0566897441285437
2022-03-09,2.111105006078383
2022-03-10,2.101550442731936
2022-03-11,2.0746580289366454
2022-03-14,2.0594399823822878
2022-03-15,2.104237061256745
2022-03-16,2.1503872749022523
2022-03-17,2.1771234313782566
2022-03-18,2.2008396297186636
2022-03-21,2.2001959257440196
2022-03-22,2.2257914922706132
2022-03-23,2.1969411972789237
2022-03-24,2.2298112745786014
2022-03-25,2.240674352429084
2022-03-28,2.2565559256059844
2022-03-29,2.2843001050179215
2022-03-30,2.2701514859025
2022-03-31,2.2349389776514226
2022-04-01,2.2412638967631957
2022-04-04,2.260382436375906
2022-04-05,2.2316490370593804
2022-04-06,2.2092213958513685
2022-04-07,2.220325694674063
2022-04-08,2.2143807428483293
2022-04-11,2.176204432958309
2022-04-12,2.1681262903247305
2022-04-13,2.192817708489373
2022-04-14,2.165342308010864
2022-04-18,2.1662323091860167
2022-04-19,2.2009218913555713
2022-04-20,2.1992891725827985
2022-04-21,2.1661537307050396
2022-04-22,2.105885196542901
2022-04-25,2.118059108325694
2022-04-26,2.055812939516168
2022-04-27,2.0615853334473275
2022-04-28,2.1130131022448917
2022-04-29,2.033445495960608
2022-05-02,2.045648983445479
2022-05-03,2.05500493309194
2022-05-04,2.116652072885361
2022-05-05,2.0400508225265894
2022-05-06,2.027837296582378
2022-05-09,1.961849228893792
2022-05-10,1.9663770126239835
2022-05-11,1.9348882471989848
2022-05-12,1.9328671495508103
2022-05-13,1.978534013750184
2022-05-16,1.9704896651657409
2022-05-17,2.010612062019047
2022-05-18,1.9278825679340594
2022-05-19,1.9160387168067357
2022-05-20,1.9168748907971345
2022-05-23,1.9524088022194275
2022-05-24,1.9374469942337011
2022-05-25,1.954489172869773
2022-05-26,1.9931570656546944
2022-05-27,2.041497038469542
2022-05-31,2.0300094751248863
2022-06-01,2.0135226618383855
2022-06-02,2.051506522576113
2022-06-03,2.0175591820373118
2022-06-06,2.023692988460575
2022-06-07,2.0430118908189847
2022-06-08,2.020678537346724
2022-06-09,1.9720401956373401
2022-06-10,1.9140139333708948
2022-06-13,1.8399269746179645
2022-06-14,1.8343740821687458
2022-06-15,1.8603409858891802
2022-06-16,1.7977293844227906
2022-06-17,1.8016004508864611
2022-06-21,1.8463922588403945
2022-06-22,1.8430415330398333
2022-06-23,1.8610199435057775
2022-06-24,1.919267859645368
2022-06-27,1.9119229469532664
2022-06-28,1.8724523422754098
2022-06-29,1.8709266038886279
2022-06-30,1.8556644191168095
2022-07-01,1.8751881310898355
2022-07-05,1.87872590647095
2022-07-06,1.885060549208389
2022-07-07,1.9130839160736106
2022-07-08,1.911509919700372
2022-07-11,1.8895476219939065
2022-07-12,1.8727526915732025
2022-07-13,1.862891690986735
2022-07-14,1.8583624360779332
2022-07-15,1.8935317960747695
2022-07-18,1.8778320552533312
2022-07-19,1.927895746663435
2022-07-20,1.9401438676735565
2022-07-21,1.959800955922637
2022-07-22,1.9415327084142397
2022-07-25,1.9438901197645915
2022-07-26,1.920754796207777
2022-07-27,1.9699933519219357
2022-07-28,1.9945482445781926
2022-07-29,2.0234162049885747
2022-08-01,2.0174154727915776
2022-08-02,2.0040617696221634
2022-08-03,2.0352010063809924
2022-08-04,2.0338258166142134
2022-08-05,2.0303851574070433
2022-08-08,2.028026964149777
2022-08-09,2.0199575809687933
2022-08-10,2.061945010653384
2022-08-11,2.061945010653384
2022-08-12,2.0965596488992757
2022-08-15,2.1051814561855187
2022-08-16,2.1093011620839386
2022-08-17,2.094275702232967
2022-08-18,2.100353455538324
2022-08-19,2.071937657339433
2022-08-22,2.02833914322775
2022-08-23,2.0234262158173175
2022-08-24,2.029893130708599
2022-08-25,2.0583498703122856
2022-08-26,1.9874700065130477
2022-08-29,1.9742847673780264
2022-08-30,1.9524916908127115
2022-08-31,1.9375782612366945
2022-09-01,1.9436486630189536
2022-09-02,1.923045191524592
2022-09-06,1.9157756326284197
2022-09-07,1.9498868367802276
2022-09-08,1.9625904370237381
2022-09-09,1.9928453842719964
2022-09-12,2.0141493143193463
2022-09-13,1.924607726416667
2022-09-14,1.9319378096035194
2022-09-15,1.9098787002306699
2022-09-16,1.8952523897690405
2022-09-19,1.909893684565286
2022-09-20,1.8878440855883802
2022-09-21,1.8546220638756996
2022-09-22,1.838977921655018
2022-09-23,1.8079049110710792
2022-09-26,1.7899308802155893
2022-09-27,1.7853556256280654
2022-09-28,1.8201440575395909
2022-09-29,1.7817204724907025
2022-09-30,1.753953311104135
2022-10-03,1.7996591165904707
2022-10-04,1.8545780510410501
2022-10-05,1.8502547395456215
2022-10-06,1.831069236679337
2022-10-07,1.7792677431077442
2022-10-10,1.7656299283488275
2022-10-11,1.75441296254403
2022-10-12,1.7486164655210377
2022-10-13,1.7941658010077755
2022-10-14,1.7528061618517587
2022-10-17,1.7972787943444817
2022-10-18,1.8182728902291385
2022-10-19,1.8053418873434268
2022-10-20,1.7901397839237174
2022-10-21,1.8331224433986664
2022-10-24,1.8554174052685695
2022-10-25,1.8848117439293117
2022-10-26,1.8705576425320387
2022-10-27,1.8605424361801683
2022-10-28,1.904287490694759
2022-10-31,1.8904822492255657
2022-11-01,1.8821913761671405
2022-11-02,1.8343530981224687
2022-11-03,1.8153671112036935
2022-11-04,1.8413094267590995
2022-11-07,1.8588391071371522
2022-11-08,1.8688411177396034
2022-11-09,1.8299369733010065
2022-11-10,1.9278340910417417
2022-11-11,1.9464028562223032
2022-11-14,1.929774479561643
2022-11-15,1.9461635914541309
2022-11-16,1.9312599621892115
2022-11-17,1.925341291869888
2022-11-18,1.9340637647598713
2022-11-21,1.9270183394545006
2022-11-22,1.9527770416140018
2022-11-23,1.9650441300423216
2022-11-25,1.9646047772716015
2022-11-28,1.9330025279062757
2022-11-29,1.9296798582003079
2022-11-30,1.9895281438386319
2022-12-01,1.988063472196488
2022-12-02,1.9857686867356035
2022-12-05,1.9497208942646278
2022-12-06,1.9214114636314334
2022-12-07,1.9181399225689588
2022-12-08,1.9331080698956629
2022-12-09,1.918613183092081
2022-12-12,1.9460765498374464
2022-12-13,1.960752546349203
2022-12-14,1.9481761907391926
2022-12-15,1.8999279491546952
2022-12-16,1.8773636660487762
2022-12-19,1.8613766975328143
2022-12-20,1.8639217701446928
2022-12-21,1.8915858140568262
2022-12-22,1.864405826872008
2022-12-23,1.875099660342322
2022-12-27,1.867690598568075
2022-12-28,1.8443339064569269
2022-12-29,1.8772370385697679
2022-12-30,1.8722856550680123
2023-01-03,1.8643869725463909
2023-01-04,1.87872534276285
2023-01-05,1.8571592388966986
2023-01-06,1.8992667868202968
2023-01-09,1.8981895629918846
2023-01-10,1.9114551145820675
2023-01-11,1.935479276749948
2023-01-12,1.942513075343975
2023-01-13,1.9500345543751738
2023-01-17,1.9464589095825757
2023-01-18,1.9154829531630586
2023-01-19,1.9014878204940415
2023-01-20,1.9365847165511811
2023-01-23,1.9596829760148629
2023-01-24,1.9575782134716724
2023-01-25,1.958311814737625
2023-01-26,1.9797169424151797
2023-01-27,1.9842604186959694
2023-01-30,1.9592067525327803
2023-01-31,1.9878039054827457
2023-02-01,2.0088184693115143
2023-02-02,2.037849992566907
2023-02-03,2.016073331283282
2023-02-06,2.003714687368778
2023-02-07,2.029750632112687
2023-02-08,2.0074336472420473
2023-02-09,1.9899549142698805
2023-02-10,1.9945932686206647
2023-02-13,2.0178714718300306
2023-02-14,2.016942724844184
2023-02-15,2.0234821439004085
2023-02-16,1.9954274612861727
2023-02-17,1.9904365390005005
2023-02-21,1.9501004569644174
2023-02-22,1.9474110509164473
2023-02-23,1.9577424791908098
2023-02-24,1.936716614164988
2023-02-27,1.9433016441640116
2023-02-28,1.9361059023958405
2023-03-01,1.9286649333963213
2023-03-02,1.9436069967419358
2023-03-03,1.9745307763345652
2023-03-06,1.9758979559508683
2023-03-07,1.9453755169926887
2023-03-08,1.9485479553309089
2023-03-09,1.912261743190359
2023-03-10,1.884468080972026
2023-03-13,1.8817802116793032
2023-03-14,1.9126316195091406
2023-03-15,1.9006317970137951
2023-03-16,1.9336895727642953
2023-03-17,1.9109463219157619
2023-03-20,1.9292334723189863
2023-03-21,1.9544003000658927
2023-03-22,1.920797810856213
2023-03-23,1.9259834448785609
2023-03-24,1.9385802757617467
2023-03-27,1.9422017438208532
2023-03-28,1.9378372308613059
2023-03-29,1.9658007697251603
2023-03-30,1.9772773244201465
2023-03-31,2.0049520731090675
2023-04-03,2.0125774438356103
2023-04-04,2.0013804419610013
2023-04-05,1.9961333541145965
2023-04-06,2.003904813131087
2023-04-10,2.005960582269294
2023-04-11,2.0064990477053066
2023-04-12,1.9983041704884617
2023-04-13,2.024672178260094
2023-04-14,2.01972011820582
2023-04-17,2.0269545981309443
2023-04-18,2.028276272805671
2023-04-19,2.0279336297862187
2023-04-20,2.0168365030447784
2023-04-21,2.018402810825654
2023-04-24,2.0205074101269185
2023-04-25,1.9881770272871682
2023-04-26,1.979737601432891
2023-04-27,2.0187632742320534
2023-04-28,2.0359206834872103
2023-05-01,2.0338639760249597
2023-05-02,2.0108754571832117
2023-05-03,1.9970252279706102
2023-05-04,1.982829977433318
2023-05-05,2.019201734903161
2023-05-08,2.0197399420727598
2023-05-09,2.010863484761882
2023-05-10,2.020236620024329
2023-05-11,2.016710182444997
2023-05-12,2.0140663562451366
2023-05-15,2.021002776099917
2023-05-16,2.007451930823008
2023-05-17,2.0316736216254263
2023-05-18,2.051151466701657
2023-05-19,2.0481646433941747
2023-05-22,2.0489962184190484
2023-05-23,2.0258707851313753
2023-05-24,2.0111403171646134
2023-05-25,2.0284816052307098
2023-05-26,2.054583070082385
2023-05-30,2.0553655745357924
2023-05-31,2.0439364663531254
2023-06-01,2.0632642351259087
2023-06-02,2.0928878851640014
2023-06-05,2.0888735888840846
2023-06-06,2.093416918167559
2023-06-07,2.086165880271436
2023-06-08,2.0987461389251547
2023-06-09,2.1025085671107706
2023-06-12,2.1214963914993437
2023-06-13,2.1354373175919275
2023-06-14,2.137978782269628
2023-06-15,2.1643217621215056
2023-06-16,2.1569370100157537
2023-06-20,2.145717449601676
2023-06-21,2.13469480957963
2023-06-22,2.142386844863653
2023-06-23,2.1261284553797677
2023-06-26,2.117424175761245
2023-06-27,2.140511895429991
2023-06-28,2.1415912684284795
2023-06-29,2.1500153439916185
2023-06-30,2.175238427000283
2023-07-03,2.177739877030429
2023-07-05,2.1744986255544587
2023-07-06,2.157403843702181
2023-07-07,2.151950277379464
2023-07-10,2.157390057972762
2023-07-11,2.171085860964693
2023-07-12,2.188484412645985
2023-07-13,2.2057856608195117
2023-07-14,2.2044114255730634
2023-07-17,2.2120524107414594
2023-07-18,2.228428194293319
2023-07-19,2.2333785007173397
2023-07-20,2.218511541673138
2023-07-21,2.218511541673138
2023-07-24,2.228400228143205
2023-07-25,2.234475659810378
2023-07-26,2.234819022157956
2023-07-27,2.2199530944958106
2023-07-28,2.2415812349253694
2023-07-31,2.2458455677322164
2023-08-01,2.239409571187985
2023-08-02,2.2080387528638767
2023-08-03,2.2017017513251576
2023-08-04,2.1917212852712074
2023-08-07,2.2107689785134887
2023-08-08,2.2011340757865634
2023-08-09,2.186369458816856
2023-08-10,2.187154267073577
2023-08-11,2.185878429610195
2023-08-14,2.19791130379567
2023-08-15,2.172157894684284
2023-08-16,2.156159611351
2023-08-17,2.139667001809493
2023-08-18,2.1406965086775713
2023-08-21,2.1545792012459817
2023-08-22,2.148735516036598
2023-08-23,2.172535282781584
2023-08-24,2.142215165385695
2023-08-25,2.157264619016625
2023-08-28,2.1709013121096974
2023-08-29,2.202056893940913
2023-08-30,2.211107927493908
2023-08-31,2.2078697337215725
2023-09-01,2.2119841306467958
2023-09-05,2.202403266504387
2023-09-06,2.1875478027572637
2023-09-07,2.1808212261777244
2023-09-08,2.1841032920224124
2023-09-11,2.1984205085919397
2023-09-12,2.186327332046579
2023-09-13,2.1888753559116
2023-09-14,2.2076674167928427
2023-09-15,2.180907512192135
2023-09-18,2.1821858964032987
2023-09-19,2.177655555135888
2023-09-20,2.1575434553339647
2023-09-21,2.1215844828183457
2023-09-22,2.116808800156891
2023-09-25,2.125691706384943
2023-09-26,2.09423111927028
2023-09-27,2.09506656497416
2023-09-28,2.1071775767695557
2023-09-29,2.102057523813129
2023-10-02,2.1012213010312326
2023-10-03,2.0729044857089876
2023-10-04,2.087944553532976
2023-10-05,2.087157567149118
2023-10-06,2.1117919482151524
2023-10-09,2.1252687627182723
2023-10-10,2.1363020947397153
2023-10-11,2.145035090275683
2023-10-12,2.131917907660096
2023-10-13,2.1212725894602076
2023-10-16,2.1434750052509077
2023-10-17,2.143376782705369
2023-10-18,2.114623858049401
2023-10-19,2.0959618469412877
2023-10-20,2.0700470662652446
2023-10-23,2.066456125764072
2023-10-24,2.0819773963448625
2023-10-25,2.05187983426751
2023-10-26,2.027161084448203
2023-10-27,2.01795151393907
2023-10-30,2.041934872245516
2023-10-31,2.0547184405739234
2023-11-01,2.076515428434186
2023-11-02,2.1159343681874727
2023-11-03,2.1351510809277165
2023-11-06,2.1400571770376353
2023-11-07,2.1461393397486557
2023-11-08,2.1477108776070555
2023-11-09,2.130895594609668
2023-11-10,2.1638909258947505
2023-11-13,2.1618274274115024
2023-11-14,2.2033667752269834
2023-11-15,2.208026336162476
2023-11-16,2.2107252959248807
2023-11-17,2.2134734029777734
2023-11-20,2.230446793941872
2023-11-21,2.225580325924383
2023-11-22,2.2341563324294573
2023-11-24,2.235530609551945
2023-11-27,2.2315009863316697
2023-11-28,2.2337092503210276
2023-11-29,2.2321377909025335
2023-11-30,2.240909362391239
2023-12-01,2.2541271004969263
2023-12-04,2.2422630800380756
2023-12-05,2.2418211213013794
2023-12-06,2.2327689775261557
2023-12-07,2.2497412773032783
2023-12-08,2.2593925058826017
2023-12-11,2.2681633878262484
2023-12-12,2.2784991918187965
2023-12-13,2.3097052348145324
2023-12-14,2.3171060457156063
2023-12-15,2.3132878435610778
2023-12-18,2.3262639103006246
2023-12-19,2.3403665729993257
2023-12-20,2.3077088663137713
2023-12-21,2.3294870639921395
2023-12-22,2.334164185766581
2023-12-26,2.343999235221519
2023-12-27,2.348233731720598
2023-12-28,2.3491204542811026
2023-12-29,2.3423101319608093
2024-01-02,2.3291646203280125
2024-01-03,2.3100650462608505
2024-01-04,2.3026121732364464
2024-01-05,2.305763743515602
2024-01-08,2.3384479910804314
2024-01-09,2.3348976905894334
2024-01-10,2.3480653376034777
2024-01-11,2.3470305362299233
2024-01-12,2.3486557533107715
2024-01-16,2.3400175261082774
2024-01-17,2.326973866199179
2024-01-18,2.3475756932784457
2024-01-19,2.3766599309650958
2024-01-22,2.381679879398711
2024-01-23,2.3886157443199534
2024-01-24,2.3912257295488657
2024-01-25,2.4041959192370026
2024-01-26,2.4011396159263714
2024-01-29,2.420080320910882
2024-01-30,2.4182078257753994
2024-01-31,2.378423685260214
2024-02-01,2.4093505945506473
2024-02-02,2.4345824091334327
2024-02-05,2.425701348823376
2024-02-06,2.432733725937295
2024-02-07,2.4529396183713494
2024-02-08,2.4540227290151813
2024-02-09,2.4681646725373114
2024-02-12,2.4670811029378292
2024-02-13,2.432865679687707
2024-02-14,2.4548749744680567
2024-02-15,2.4717548723316085
2024-02-16,2.4594147103908215
2024-02-20,2.445837166014331
2024-02-21,2.448051559586236
2024-02-22,2.4981982552908444
2024-02-23,2.499920662191138
2024-02-26,2.490747783571137
2024-02-27,2.4953706272052045
2024-02-28,2.4920704824401554
2024-02-29,2.5010132625383874
2024-03-01,2.524384039628678
2024-03-04,2.5216754156241152
2024-03-05,2.496346609172498
2024-03-06,2.5089641674892453
2024-03-07,2.533746575606665
2024-03-08,2.5184925301877086
2024-03-11,2.516326052864618
2024-03-12,2.5432505748381744
2024-03-13,2.539260904074078
2024-03-14,2.534236344195101
2024-03-15,2.516774810974948
2024-03-18,2.531688087091851
2024-03-19,2.5457183218538133
2024-03-20,2.569155647107863
2024-03-21,2.5776323085650183
2024-03-22,2.5727406550483503
2024-03-25,2.5656227790778194
2024-03-26,2.5608798254365075
2024-03-27,2.5823112714859793
2024-03-28,2.581817341379019
2024-04-01,2.57732197240231
2024-04-02,2.560882960561537
2024-04-03,2.5636941008657153
2024-04-04,2.53220924397077
2024-04-05,2.5585255008355423
2024-04-08,2.5599563474927556
2024-04-09,2.5629159519371902
2024-04-10,2.5371236163001223
2024-04-11,2.5561992432212954
2024-04-12,2.520669996394579
2024-04-15,2.488891086443752
2024-04-16,2.484347773142963
2024-04-17,2.4696010632941308
2024-04-18,2.4645142900268606
2024-04-19,2.4429085147229306
2024-04-22,2.465302911122323
2024-04-23,2.494385623379038
2024-04-24,2.4932013537939186
2024-04-25,2.4837115623272723
2024-04-26,2.507131609515527
2024-04-29,2.5159948451343497
2024-04-30,2.475819280625783
2024-05-01,2.46776657826699
2024-05-02,2.4907414950932076
2024-05-03,2.52142541144789
2024-05-06,2.547329719922323
2024-05-07,2.550139027662771
2024-05-08,2.550386029830331
2024-05-09,2.5650384480179182
2024-05-10,2.5683406925104624
2024-05-13,2.5686858105790638
2024-05-14,2.580444101383995
2024-05-15,2.6122013902008394
2024-05-16,2.606821403531732
2024-05-17,2.6105663303230604
2024-05-20,2.6135721665432694
2024-05-21,2.6199740804070744
2024-05-22,2.6124197018928204
2024-05-23,2.5932675539083405
2024-05-24,2.6103693789570053
2024-05-28,2.6121932315084293
2024-05-29,2.5938363043782546
2024-05-30,2.576572537366944
2024-05-31,2.599934449182769
2024-06-03,2.60205315708307
2024-06-04,2.6049602498247193
2024-06-05,2.635738093553658
2024-06-06,2.63568858386562
2024-06-07,2.6324825934868437
2024-06-10,2.6406033142566465
2024-06-11,2.6469554289145294
2024-06-12,2.6686062029414717
2024-06-13,2.673973856032214
2024-06-14,2.67560037108168
2024-06-17,2.6968111356497007
2024-06-18,2.7036537647407837
2024-06-20,2.6962995620585555
2024-06-21,2.6926826492179226
2024-06-24,2.683914846272316
2024-06-25,2.6942305101321593
2024-06-26,2.6975910517369623
2024-06-27,2.7018405020040843
2024-06-28,2.6911873902059833
2024-07-01,2.6967203409864298
2024-07-02,2.7148076166564925
2024-07-03,2.726896013011628
2024-07-05,2.7425754686457076
2024-07-08,2.7457380728229985
2024-07-09,2.7484074088509685
2024-07-10,2.7754695780888072
2024-07-11,2.7514342391591837
2024-07-12,2.7687343032045604
2024-07-15,2.7763380188977056
2024-07-16,2.792754148857979
2024-07-17,2.7533190309404962
2024-07-18,2.7320784272718828
2024-07-19,2.7138751189855372
2024-07-22,2.7417119059842134
2024-07-23,2.737407915876176
2024-07-24,2.674657757836199
2024-07-25,2.660685256855094
2024-07-26,2.6903183083239317
2024-07-29,2.6918992935672867
2024-07-30,2.678226419374331
2024-07-31,2.721409522949531
2024-08-01,2.6825962934613132
2024-08-02,2.6321801916372607
2024-08-05,2.554382722874271
2024-08-06,2.5778251021144984
2024-08-07,2.5605372481819417
2024-08-08,2.619056484305406
2024-08-09,2.630580030182391
2024-08-12,2.6319612807349086
2024-08-13,2.6748939566472036
2024-08-14,2.683319297320428
2024-08-15,2.7289224719681897
2024-08-16,2.735033880521255
2024-08-19,2.7610602132128985
2024-08-20,2.756566716595617
2024-08-21,2.766023767818776
2024-08-22,2.7442290467265034
2024-08-23,2.773233688166002
2024-08-26,2.766614829701066
2024-08-27,2.7704108133730276
2024-08-28,2.7542809329430047
2024-08-29,2.7545275513841747
2024-08-30,2.780697687303744
2024-09-03,2.7228769777056687
2024-09-04,2.7172978140253057
2024-09-05,2.7106806944935187
2024-09-06,2.6646709308943786
2024-09-09,2.6943395111637622
2024-09-10,2.7060500086545565
2024-09-11,2.7336700132908867
2024-09-12,2.756599864956661
2024-09-13,2.770959874330593
2024-09-16,2.775048689755702
2024-09-17,2.776182470638088
2024-09-18,2.767936611862294
2024-09-19,2.814770982289248
2024-09-20,2.809901466620879
2024-09-23,2.8169138978694233
2024-09-24,2.82496265594756
2024-09-25,2.8187254596521862
2024-09-26,2.829878426876925
2024-09-27,2.8257711945995614
2024-09-30,2.8370721869837996
2024-10-01,2.811542167634333
2024-10-02,2.8127280799203516
2024-10-03,2.8075812047490847
2024-10-04,2.832979994935562
2024-10-07,2.807251538175119
2024-10-08,2.83367673399563
2024-10-09,2.853236421746154
2024-10-10,2.8482386770277417
2024-10-11,2.8652438228208448
2024-10-14,2.888581125083785
2024-10-15,2.866050225902058
2024-10-16,2.8784804979910947
2024-10-17,2.878727468167791
2024-10-18,2.889779551797446
2024-10-21,2.8850300614555753
2024-10-22,2.883496924939508
2024-10-23,2.8570282838361805
2024-10-24,2.8632006868194817
2024-10-25,2.8622120369389883
2024-10-28,2.8710462827514425
2024-10-29,2.8756892091552246
2024-10-30,2.8669758744386273
2024-10-31,2.8102162945627933
2024-11-01,2.8220521251621165
2024-11-04,2.815966803984939
2024-11-05,2.8498128426276943
2024-11-06,2.9198081945324548
2024-11-07,2.942298126144441
2024-11-08,2.9550155007931416
2024-11-11,2.957830135942857
2024-11-12,2.9486274730993283
2024-11-13,2.9500596043323806
2024-11-14,2.931028887143537
2024-11-15,2.893244169277362
2024-11-18,2.905074472153436
2024-11-19,2.915674400283117
2024-11-20,2.916662576691392
2024-11-21,2.932278098895282
2024-11-22,2.941351931515236
2024-11-25,2.9513126257846665
2024-11-26,2.9666827684742403
2024-11-27,2.9576797361469507
2024-11-29,2.9759962419246926
2024-12-02,2.981325697738967
2024-12-03,2.9827083010404483
2024-12-04,3.001171869895472
2024-12-05,2.996229230518386
2024-12-06,3.00190361430736
2024-12-09,2.9864050903520263
2024-12-10,2.977105742265572
2024-12-11,3.000031873215649
2024-12-12,2.9845340659281794
2024-12-13,2.983941331380036
2024-12-16,2.9966555162787776
2024-12-17,2.984283728621238
2024-12-18,2.8939893216087293
2024-12-19,2.893100602511326
2024-12-20,2.9276425668257513
2024-12-23,2.945121975964367
2024-12-24,2.9776764656959522
2024-12-26,2.977874703272298
2024-12-27,2.946361643942548
2024-12-30,2.9125456399899385
2024-12-31,2.9019303740299227
2025-01-02,2.894791814650713
2025-01-03,2.9307619383944146
2025-01-06,2.94759659964785
2025-01-07,2.9140871403727515
2025-01-08,2.9183410938187015
2025-01-10,2.8734417033424466
2025-01-13,2.8778935697524943
2025-01-14,2.881851056837068
2025-01-15,2.9338008968004305
2025-01-16,2.9281533053155577
2025-01-17,2.9574050162064487
2025-01-21,2.9843523305550943
2025-01-22,3.001081677667992
2025-01-23,3.017417587676962
2025-01-24,3.0085956696225984
2025-01-27,2.9657341283899017
2025-01-28,2.9911080442934623
2025-01-29,2.977669072115043
2025-01-30,2.9936075836961473
2025-01-31,2.9776332365014455
2025-02-03,2.95752732236988
2025-02-04,2.9773010376739695
2025-02-05,2.98934833252069
2025-02-06,2.999720238709844
2025-02-07,2.972135689476197
2025-02-10,2.9922518386246426
2025-02-11,2.994526672588673
2025-02-12,2.9848642906564877
2025-02-13,3.016212132847064
2025-02-14,3.016063604137977
2025-02-18,3.0249053366789456
2025-02-19,3.032020363345773
2025-02-20,3.019379837096591
2025-02-21,2.9672893917589147
2025-02-24,2.953755977079427
2025-02-25,2.939029790710994
2025-02-26,2.940513171115392
2025-02-27,2.8931982733540274
2025-02-28,2.9379995147926214
2025-03-03,2.8860698956582005
2025-03-04,2.8517038661568397
2025-03-05,2.8821901047317415
2025-03-06,2.8305684515948237
2025-03-07,2.8463891899773572
2025-03-10,2.769545847309517
2025-03-11,2.7464266092497436
2025-03-12,2.7609621018907156
2025-03-13,2.7239096651155608
2025-03-14,2.7796009836054134
2025-03-17,2.8009533158535236
2025-03-18,2.7705144827945922
2025-03-19,2.800524746608359
2025-03-20,2.7924146522749327
2025-03-21,2.7933356056741814
2025-03-24,2.842917334830806
2025-03-25,2.8497429864043298
2025-03-26,2.815517357025472
2025-03-27,2.808030238801184
2025-03-28,2.750904190730186
2025-03-31,2.7693085303493747
2025-04-01,2.777119305176281
2025-04-02,2.7946388157725197
2025-04-03,2.6534072675550027
2025-04-04,2.49333633969284
2025-04-07,2.4888913136704947
2025-04-08,2.4495998315799032
2025-04-09,2.694223871252116
2025-04-10,2.5735006566113436
2025-04-11,2.6190143181768515
2025-04-14,2.6443001478293526
2025-04-15,2.636883415008323
2025-04-16,2.5776094122709803
2025-04-17,2.581284533133965
2025-04-21,2.519099957614465
2025-04-22,2.5838033269480536
2025-04-23,2.623533391693437
2025-04-24,2.678182889005344
2025-04-25,2.697463981720779
2025-04-28,2.6984923798527576
2025-04-29,2.715437855141479
2025-04-30,2.716515394869226
2025-05-01,2.7356992214049463
2025-05-02,2.7760098348113966
2025-05-05,2.7600454210291945
2025-05-06,2.7368791655845857
2025-05-07,2.748364839647508
2025-05-08,2.7674486949404784
2025-05-09,2.763920073430639
2025-05-12,2.85378377487832
2025-05-13,2.872568040873181
2025-05-14,2.8762369948046564
2025-05-15,2.8902512243624185
2025-05-16,2.9085003068277766
2025-05-19,2.911680136301789
2025-05-20,2.901874138075962
2025-05-21,2.852558454004399
2025-05-22,2.853684104217918
2025-05-23,2.83413865293349
2025-05-27,2.8924580370323483
2025-05-28,2.875675344910614
2025-05-29,2.887004461637725
2025-05-30,2.8837735674299942
2025-06-02,2.8999719540927926
2025-06-03,2.916462510029236
2025-06-04,2.9156794942929833
2025-06-05,2.9015544416088863
2025-06-06,2.931198569669567
2025-06-09,2.933839160774333
2025-06-10,2.9504260229421084
2025-06-11,2.9419994329061976
2025-06-12,2.953668619337056
2025-06-13,2.9204602589659796
2025-06-16,2.9481149187727036
2025-06-17,2.9228148073754583
2025-06-18,2.9223743042403694
2025-06-20,2.915502866061687
2025-06-23,2.94415942123804
2025-06-24,2.9765059315035223
2025-06-25,2.9781731368528477
2025-06-26,3.0013831617314923
2025-06-27,3.016258131612286
2025-06-30,3.029326885800389
